<?xml version="1.0" encoding="UTF-8"?>

<mule xmlns:file="http://www.mulesoft.org/schema/mule/file"
	xmlns:http="http://www.mulesoft.org/schema/mule/http" xmlns:njams="http://www.mulesoft.org/schema/mule/njams"
	xmlns:api-gateway="http://www.mulesoft.org/schema/mule/api-gateway"
	xmlns="http://www.mulesoft.org/schema/mule/core" xmlns:doc="http://www.mulesoft.org/schema/mule/documentation" xmlns:xsi="http://www.w3.org/2001/XMLSchema-instance" xsi:schemaLocation="
http://www.mulesoft.org/schema/mule/api-gateway http://www.mulesoft.org/schema/mule/api-gateway/current/mule-api-gateway.xsd http://www.mulesoft.org/schema/mule/core http://www.mulesoft.org/schema/mule/core/current/mule.xsd
http://www.mulesoft.org/schema/mule/njams http://www.mulesoft.org/schema/mule/njams/current/mule-njams.xsd
http://www.mulesoft.org/schema/mule/http http://www.mulesoft.org/schema/mule/http/current/mule-http.xsd
http://www.mulesoft.org/schema/mule/file http://www.mulesoft.org/schema/mule/file/current/mule-file.xsd">
	<configuration-properties doc:name="API Properties" doc:id="12b9d91d-d82a-4a9e-89a8-7d9a2afa38d1" file="properties/apiProperties.yaml" />
	<configuration-properties doc:name="Generated Maven Properties" doc:id="12b9d91d-d82a-4a9e-89a8-7d9a2afa38d1" file="properties/generatedProperties.yaml" />
	<configuration-properties doc:name="Environment properties" doc:id="2a5a8ef5-06ca-40dc-a2c9-7daadd7d0b45" file="properties/environment/${mule.env}Properties.yaml" />
	<global-property doc:name="Global Property" doc:id="a049c954-10eb-4fd4-bf9e-eb7e59c21e54" name="mule.env" value="local" />
	<configuration doc:name="Global Error Handler Configuration" doc:id="debb8bec-9ca7-452e-afb3-badc3f2df3ab" defaultErrorHandler-ref="globalErrorHandler" />
	<configuration-properties doc:name="Log properties" doc:id="49af3598-2447-4b30-9b55-b9b934b5abef" file="properties/logProperties.yaml" />
	<file:config name="File_Config" doc:name="File Config" doc:id="b9cfb2dd-8504-47d3-9f7b-f108a44e2781" >
		<file:connection workingDir="${workingDirectory}" />
	</file:config>
	<http:request-config name="HTTP_Request_configuration" doc:name="HTTP Request configuration" doc:id="9c8e52bc-3f9d-4e22-9b64-9365b6750f08" >
		<http:request-connection host="${database.host}" port="${database.port}" />
	</http:request-config>
	<configuration-properties doc:name="Database properties" doc:id="ce5d48ce-2411-4a08-9610-c292d4b65e88" file="properties/databaseProperties.yaml" />
</mule>
