<?xml version="1.0" encoding="UTF-8"?>
<mule xmlns="http://www.mulesoft.org/schema/mule/core" xmlns:apikit="http://www.mulesoft.org/schema/mule/mule-apikit" xmlns:doc="http://www.mulesoft.org/schema/mule/documentation" xmlns:ee="http://www.mulesoft.org/schema/mule/ee/core" xmlns:http="http://www.mulesoft.org/schema/mule/http" xmlns:xsi="http://www.w3.org/2001/XMLSchema-instance" xsi:schemaLocation="http://www.mulesoft.org/schema/mule/core http://www.mulesoft.org/schema/mule/core/current/mule.xsd http://www.mulesoft.org/schema/mule/http http://www.mulesoft.org/schema/mule/http/current/mule-http.xsd http://www.mulesoft.org/schema/mule/mule-apikit http://www.mulesoft.org/schema/mule/mule-apikit/current/mule-apikit.xsd http://www.mulesoft.org/schema/mule/ee/core http://www.mulesoft.org/schema/mule/ee/core/current/mule-ee.xsd ">
    <http:listener-config name="papiuser-httpListenerConfig" basePath="${api.basePath}">
        <http:listener-connection host="0.0.0.0" port="${http.port}" />
    </http:listener-config>
    <apikit:config name="papiuser-config" api="resource::98d9fd20-665e-4c6d-897c-995417e4825d:papiuser:1.0.2:raml:zip:papiuser.raml" outboundHeadersMapName="outboundHeaders" httpStatusVarName="httpStatus" />
    <flow name="papiuser-main">
        <http:listener config-ref="papiuser-httpListenerConfig" path="/api/*" allowedMethods="POST">
            <http:response statusCode="#[vars.httpStatus default 200]">
                <http:headers><![CDATA[#[vars.outboundHeaders default {}]]]></http:headers>
            </http:response>
            <http:error-response statusCode="#[vars.httpStatus default 500]">
                <http:body><![CDATA[#[payload]]]></http:body>
                <http:headers><![CDATA[#[vars.outboundHeaders default {}]]]></http:headers>
            </http:error-response>
        </http:listener>
        <apikit:router config-ref="papiuser-config" />
    </flow>
    <flow name="get:\status:papiuser-config">
        <flow-ref doc:name="Get Api Status" doc:id="2d483e59-5fad-473d-8992-46b2a07edc35" name="holeApiStatusFlow" />
    </flow>
    <flow name="post:\user:application\json:papiuser-config" doc:id="3f6341a2-df83-4904-93b5-29ae717a744f">
		<flow-ref doc:name="Update Or Create User" doc:id="cd5df791-b5d0-4eb6-9ece-4a5d4b1ec288" name="updateOrCreateUserFlow"/>
    </flow>
</mule>
