<?xml version="1.0" encoding="UTF-8"?>

<mule xmlns:http="http://www.mulesoft.org/schema/mule/http" xmlns:ee="http://www.mulesoft.org/schema/mule/ee/core"
	xmlns="http://www.mulesoft.org/schema/mule/core"
	xmlns:doc="http://www.mulesoft.org/schema/mule/documentation" xmlns:xsi="http://www.w3.org/2001/XMLSchema-instance" xsi:schemaLocation="http://www.mulesoft.org/schema/mule/core http://www.mulesoft.org/schema/mule/core/current/mule.xsd
http://www.mulesoft.org/schema/mule/ee/core http://www.mulesoft.org/schema/mule/ee/core/current/mule-ee.xsd
http://www.mulesoft.org/schema/mule/http http://www.mulesoft.org/schema/mule/http/current/mule-http.xsd">
	<flow name="getManagerIdFlow" doc:id="f4737545-c8db-4bc0-bc8e-238b55db10cf" >
		<http:request method="GET" doc:name="Get Manager" doc:id="8c7a0f71-6644-4b17-81c4-b1133ee7f8c0" config-ref="HTTP_Request_configuration" path="${database.basePath}${users-endpoint}" responseTimeout="999999999">
			<http:query-params ><![CDATA[#[{
	email: vars."managerEmailAdresse"
}]]]></http:query-params>
		</http:request>
		<set-variable value="#[%dw 2.0&#10;output application/json&#10;---&#10;payload.ID]" doc:name="Set vars.managerId" doc:id="29644259-1699-4c40-8fc5-582c8e8768e9" variableName="managerId" />
	</flow>
	<flow name="getUserFlow" doc:id="a5c89069-4409-4b30-9122-6b4f4a8eff05" >
		<http:request method="GET" doc:name="Get User" doc:id="0c328751-054c-41c2-be1a-33b02cb0aff5" config-ref="HTTP_Request_configuration" path="${database.basePath}${users-endpoint}" responseTimeout="99999999">
			<http:query-params ><![CDATA[#[{
	email: vars.usersEmailAdresse
}]]]></http:query-params>
		</http:request>
		<set-variable value="#[%dw 2.0&#10;output application/json&#10;---&#10;payload.ID]" doc:name="Set vars.usersId" doc:id="e8428374-1f01-420c-b78b-be22664e8b35" variableName="usersId" />
		<error-handler >
			<on-error-continue enableNotifications="true" logException="true" doc:name="On Error Continue" doc:id="0292a6e5-d794-4025-9bf0-c1c1d4a92ac3" type="HTTP:NOT_FOUND">
				<set-variable value="#[%dw 2.0&#10;output application/json&#10;---&#10;false]" doc:name="Set vars.isExistingUser" doc:id="3a964857-1bc0-4025-96e8-4df147449eed" variableName="isExistingUser" />
			</on-error-continue>
		</error-handler>
	</flow>
</mule>
