<?xml version="1.0" encoding="UTF-8"?>

<mule xmlns:ee="http://www.mulesoft.org/schema/mule/ee/core"
	xmlns:db="http://www.mulesoft.org/schema/mule/db"
	xmlns:njams="http://www.mulesoft.org/schema/mule/njams" xmlns:api-gateway="http://www.mulesoft.org/schema/mule/api-gateway"
	xmlns="http://www.mulesoft.org/schema/mule/core"
	xmlns:doc="http://www.mulesoft.org/schema/mule/documentation" xmlns:xsi="http://www.w3.org/2001/XMLSchema-instance" xsi:schemaLocation="
http://www.mulesoft.org/schema/mule/db http://www.mulesoft.org/schema/mule/db/current/mule-db.xsd 
http://www.mulesoft.org/schema/mule/api-gateway http://www.mulesoft.org/schema/mule/api-gateway/current/mule-api-gateway.xsd http://www.mulesoft.org/schema/mule/core http://www.mulesoft.org/schema/mule/core/current/mule.xsd
http://www.mulesoft.org/schema/mule/njams http://www.mulesoft.org/schema/mule/njams/current/mule-njams.xsd
http://www.mulesoft.org/schema/mule/ee/core http://www.mulesoft.org/schema/mule/ee/core/current/mule-ee.xsd">
	<configuration-properties doc:name="API Properties" doc:id="12b9d91d-d82a-4a9e-89a8-7d9a2afa38d1" file="properties/apiProperties.yaml" />
	<configuration-properties doc:name="Generated Maven Properties" doc:id="12b9d91d-d82a-4a9e-89a8-7d9a2afa38d1" file="properties/generatedProperties.yaml" />
	<configuration-properties doc:name="Environment properties" doc:id="2a5a8ef5-06ca-40dc-a2c9-7daadd7d0b45" file="properties/environment/${mule.env}Properties.yaml" />
	<global-property doc:name="Global Property" doc:id="a049c954-10eb-4fd4-bf9e-eb7e59c21e54" name="mule.env" value="prod" />
	<configuration doc:name="Global Error Handler Configuration" doc:id="debb8bec-9ca7-452e-afb3-badc3f2df3ab" defaultErrorHandler-ref="globalErrorHandler" />
	<configuration-properties doc:name="Log properties" doc:id="49af3598-2447-4b30-9b55-b9b934b5abef" file="properties/logProperties.yaml" />
	<configuration-properties doc:name="Database properties" doc:id="13fa7199-c65f-4731-926d-0160272accd7" file="properties/databaseProperties.yaml" />
	<db:config name="Database_Config" doc:name="Database Config" doc:id="78aa69da-2e5e-47b6-8b3c-5a029f453110" >
		<db:my-sql-connection host="${db.host}" port="${db.port}" user="${db.user}" password="${db.password}" database="${db.database}" />
	</db:config>
</mule>
