<?xml version="1.0" encoding="UTF-8"?>
<mule xmlns="http://www.mulesoft.org/schema/mule/core" xmlns:apikit="http://www.mulesoft.org/schema/mule/mule-apikit" xmlns:doc="http://www.mulesoft.org/schema/mule/documentation" xmlns:ee="http://www.mulesoft.org/schema/mule/ee/core" xmlns:http="http://www.mulesoft.org/schema/mule/http" xmlns:xsi="http://www.w3.org/2001/XMLSchema-instance" xsi:schemaLocation="http://www.mulesoft.org/schema/mule/core http://www.mulesoft.org/schema/mule/core/current/mule.xsd http://www.mulesoft.org/schema/mule/http http://www.mulesoft.org/schema/mule/http/current/mule-http.xsd http://www.mulesoft.org/schema/mule/mule-apikit http://www.mulesoft.org/schema/mule/mule-apikit/current/mule-apikit.xsd  http://www.mulesoft.org/schema/mule/ee/core http://www.mulesoft.org/schema/mule/ee/core/current/mule-ee.xsd">
    <http:listener-config name="sapidatabase-httpListenerConfig" basePath="${api.basePath}">
        <http:listener-connection host="0.0.0.0" port="${http.port}" />
    </http:listener-config>
    <apikit:config name="sapidatabase-config-sys" api="resource::98d9fd20-665e-4c6d-897c-995417e4825d:sapidatabase:1.0.2:raml:zip:sapidatabase.raml" outboundHeadersMapName="outboundHeaders" httpStatusVarName="httpStatus" />
    <flow name="sapidatabase-main">
        <http:listener config-ref="sapidatabase-httpListenerConfig" path="/api/*">
            <http:response statusCode="#[vars.httpStatus default 200]">
                <http:headers><![CDATA[#[vars.outboundHeaders default {}]]]></http:headers>
            </http:response>
            <http:error-response statusCode="#[vars.httpStatus]">
                <http:body><![CDATA[#[payload]]]></http:body>
                <http:headers><![CDATA[#[vars.outboundHeaders default {}]]]></http:headers>
            </http:error-response>
        </http:listener>
        <apikit:router config-ref="sapidatabase-config-sys" />
    </flow>
    <flow name="put:\users\(ID):application\json:sapidatabase-config-sys">
        <flow-ref doc:name="Update User" doc:id="aa68e986-47ae-4237-8a00-89ea99ebad86" name="updateUserFlow" />
    </flow>
    <flow name="delete:\users\(ID):sapidatabase-config-sys">
        <flow-ref doc:name="Delete User " doc:id="881fcdfc-cd2d-492b-9893-9c1bae7e2f29" name="deleteUserFlow" />
    </flow>
    <flow name="get:\status:sapidatabase-config-sys">
        <flow-ref doc:name="Get Api Status" doc:id="919ad54e-12be-4e68-b6c5-d6ce88b2084f" name="holeApiStatusFlow" />
    </flow>
    <flow name="get:\users:sapidatabase-config-sys">
        <flow-ref doc:name="Select All Users" doc:id="47ca7f0b-d079-40eb-860b-17369b01856b" name="getAllUsersFlow" />
    </flow>
    <flow name="get:\users\(ID):sapidatabase-config-sys">
        <flow-ref doc:name="Select User By Id" doc:id="fee359e0-26a0-4b37-9e40-7d361816ec83" name="getUserByIdFlow" />
    </flow>
    <flow name="post:\users:application\json:sapidatabase-config-sys">
        <flow-ref doc:name="Create User" doc:id="ece9f0ec-e4a3-4c5a-9e66-c1488d5d9072" name="createUserFlow" />
    </flow>
</mule>
