<?xml version="1.0" encoding="UTF-8"?>

<mule xmlns:tracking="http://www.mulesoft.org/schema/mule/ee/tracking" xmlns:validation="http://www.mulesoft.org/schema/mule/validation"
	xmlns:http="http://www.mulesoft.org/schema/mule/http"
	xmlns:ee="http://www.mulesoft.org/schema/mule/ee/core" xmlns:db="http://www.mulesoft.org/schema/mule/db" xmlns="http://www.mulesoft.org/schema/mule/core" xmlns:doc="http://www.mulesoft.org/schema/mule/documentation" xmlns:xsi="http://www.w3.org/2001/XMLSchema-instance" xsi:schemaLocation="http://www.mulesoft.org/schema/mule/core http://www.mulesoft.org/schema/mule/core/current/mule.xsd
http://www.mulesoft.org/schema/mule/db http://www.mulesoft.org/schema/mule/db/current/mule-db.xsd
http://www.mulesoft.org/schema/mule/ee/core http://www.mulesoft.org/schema/mule/ee/core/current/mule-ee.xsd
http://www.mulesoft.org/schema/mule/http http://www.mulesoft.org/schema/mule/http/current/mule-http.xsd
http://www.mulesoft.org/schema/mule/validation http://www.mulesoft.org/schema/mule/validation/current/mule-validation.xsd
http://www.mulesoft.org/schema/mule/ee/tracking http://www.mulesoft.org/schema/mule/ee/tracking/current/mule-tracking-ee.xsd">
	<flow name="updateUserFlow" doc:id="18c604ea-5005-44ac-9e4c-a703b5ef00f6" >
		<logger level="WARN" doc:name='Request payload' doc:id="fc50e6ef-1096-4b38-817e-b47b0f72206c" message='#[payload]' category="${log.baseCategory}.users.updateUserFlow.errorHandling.requestPayload"/>
		<set-variable value='#[%dw 2.0&#10;output application/json&#10;---&#10;"UPDATE users SET email = :email, firstName = :firstName, lastName = :lastName, manager_id = :manager_id, initials = :initials, street = :street, city = :city, updated_at = :updated_at where id = " ++ (attributes.uriParams.ID) ++ ";"]' doc:name="Set vars.updateQuery" doc:id="a2819706-58f0-4e20-8337-1759b165535c" variableName="updateQuery"/>
		<set-variable value="#[%dw 2.0&#10;output application/json&#10;---&#10;&quot;select * from users where id = '&quot; ++ attributes.uriParams.ID ++ &quot;';&quot;]" doc:name="Set vars.selectQuery" doc:id="472f8334-c92d-41c6-ba62-24f136dc6d8c" variableName="selectQuery" />
		<flow-ref doc:name="Get Input Parameters" doc:id="b270321c-19c9-4139-83be-c0c238ad37c0" name="getInputParamsFlow"/>
		<flow-ref doc:name="Select User By Id" doc:id="25cf0a42-bb7c-4e67-998f-333cc1fcca9e" name="selectUserFromDbFlow"/>
		<flow-ref doc:name="Check If User Exists" doc:id="bb31faa8-fc8f-4dd2-90df-baf75d129e2c" name="throwErrorIfUserDoesNotExistFlow"/>
		<flow-ref doc:name="Update User" doc:id="29469723-e911-486d-9882-51c3d810255e" name="updateUserInDbFlow" />
		<set-payload value='#[%dw 2.0&#10;output application/json&#10;---&#10;{&#10;	message: "User Successfully Updated"&#10;}]' doc:name="Successful Response Message" doc:id="8a3df427-430a-4323-aedd-2ed1112dc25a" />
		<logger level="WARN" doc:name="Response Payload" doc:id="00ec0bd1-7e30-4a33-8608-0bde2cede30f" message='#[payload]' category="${log.baseCategory}.users.updateUserFlow.errorHandling.responsePayload"/>
		<error-handler >
			<on-error-propagate enableNotifications="true" logException="true" doc:name="On Error Propagate" doc:id="9e3d1520-59a4-446f-91c0-c30a75787b78" >
				<logger level="ERROR" doc:name="Flow Level Error Handler" doc:id="c601fedb-944e-403a-8495-c51b1df7dca9" category="${log.baseCategory}.users.updateUserFlow.errorHandling.flowLevelErrorHandler" message='#["Flow level error handler"]'/>
			</on-error-propagate>
		</error-handler>
	
</flow>
	<flow name="deleteUserFlow" doc:id="4d8d6f24-ff45-49c7-b850-f3b008450b6d" >
		<logger level="WARN" doc:name="Request Payload" doc:id="39be5ca4-8c0b-4719-b7cf-b83757d37c20" message='#[payload]' category="${log.baseCategory}.users.deleteUserFlow.errorHandling.requestPayload"/>
		<set-variable value='#[%dw 2.0&#10;output application/json&#10;---&#10;"delete from users where id = " ++ (attributes.uriParams.ID) ++ ";"]' doc:name="Set vars.deleteQuery" doc:id="b8df7d9a-b0b9-4718-b348-f0412a5aa6b2" variableName="deleteQuery"/>
		<set-variable value="#[%dw 2.0&#10;output application/json&#10;---&#10;&quot;select * from users where id = '&quot; ++ attributes.uriParams.ID ++ &quot;';&quot;]" doc:name="Set vars.selectQuery" doc:id="25992493-3fed-4335-9fd2-c75c6648f8eb" variableName="selectQuery" />
		<flow-ref doc:name="Select User By Id" doc:id="aa8cebf5-a68f-4222-8a0e-64d8ccb7ae01" name="selectUserFromDbFlow"/>
		<flow-ref doc:name="Check If User Exists" doc:id="f17710ab-5070-44cd-9f5b-df6dbe7e32b6" name="throwErrorIfUserDoesNotExistFlow"/>
		<flow-ref doc:name="Delete User" doc:id="1c2890e1-d03f-45ce-a6f1-2eff22e0672e" name="deleteUserFromDbFlow" />
		<logger level="WARN" doc:name="Response Payload" doc:id="0bc3cc6f-da8b-4efe-ba9d-c86ed0e2fe6f" message='#[payload]' category="${log.baseCategory}.users.deleteUserFlow.errorHandling.responsePayload"/>
		<error-handler >
			<on-error-propagate enableNotifications="true" logException="true" doc:name="On Error Propagate" doc:id="91ced1b9-09b2-49be-b40a-d136c2f64ec5" >
				<logger level="ERROR" doc:name="Flow Level Error Handler" doc:id="8598e317-4d91-4338-a54f-0c2e4877cf91" category="${log.baseCategory}.users.deleteUserFlow.errorHandling.flowLevelErrorHandler" message='#["Flow level error handler"]'/>
			</on-error-propagate>
		</error-handler>
	
</flow>
	<flow name="createUserFlow" doc:id="bb8cf5c9-84de-4ac8-ae5b-e09f674a116a" >
		<logger level="WARN" doc:name="Request Payload" doc:id="8734c4de-75ba-42b6-8f88-bdb3f8072ab1" message='#[payload]' category="${log.baseCategory}.users.createUserFlow.errorHandling.requestPayload"/>
		<set-variable value='#[%dw 2.0&#10;output application/json&#10;---&#10;"insert into users(email, firstName, lastName, manager_id, street, city, dob, updated_at, initials)&#10; values &#10;(:email, :firstName, :lastName, :manager_id, :street, :city, :dob, :updated_at, :initials);"]' doc:name="Set vars.createQuery" doc:id="5b89b06e-9fe3-4d70-a950-dee6fec5ff96" variableName="createQuery"/>
		<set-variable value="#[%dw 2.0&#10;output application/json&#10;---&#10;&quot;select * from users where email = '&quot; ++ (payload.email) ++ &quot;';&quot;]" doc:name="Set vars.selectQuery" doc:id="9ad0fb2b-1ed1-4005-991c-043ee11d7cb2" variableName="selectQuery" />
		<flow-ref doc:name="Get Input Parameters" doc:id="09745a7c-fcca-4261-9350-393808700e29" name="getInputParamsFlow" />
		<flow-ref doc:name="Select User By Email" doc:id="5725fe38-11b4-4fb6-93e9-b42bd78e4ef2" name="selectUserFromDbFlow"/>
		<flow-ref doc:name="Check If User Exists" doc:id="abde6d7d-bc3e-4ff6-a2f7-a3b63f4027e8" name="throwErrorIfUserAlreadyExistsFlow"/>
		<flow-ref doc:name="Create User" doc:id="edf91631-32d1-450f-80bd-27e6f83f36fd" name="insertUserInDbFlow" />
		<set-payload doc:name="Successful Response Message" doc:id="a63fd3d6-6ea4-48cc-8ebd-e27c42ab1fa5" value='#[%dw 2.0&#10;output application/json&#10;---&#10;{&#10;	message: "User Successfully Created"&#10;}]' />
		<logger level="WARN" doc:name="Response Payload" doc:id="ea3e15aa-5b56-43c6-a133-e8ae1ddeadc3" message='#[payload]' category="${log.baseCategory}.users.createUserFlow.errorHandling.responsePayload"/>
		<error-handler >
			<on-error-propagate enableNotifications="true" logException="true" doc:name="On Error Propagate" doc:id="1d304329-363d-4081-a6bd-2197ea53e1de" >
				<logger level="ERROR" doc:name="Flow Level Error Handler" doc:id="baee6c50-be0a-45d9-9dac-b24ae8223d45" category="${log.baseCategory}.users.createUserFlow.errorHandling.flowLevelErrorHandler" message='#["Flow level error handler"]'/>
			</on-error-propagate>
		</error-handler>
	
</flow>
	<flow name="getUserByEmailFlow" doc:id="cdb4ca1d-4b19-4e0c-abce-24245253d6b0" >
		<logger level="WARN" doc:name="Request Payload" doc:id="c885932d-a6fd-42a2-b117-95fbcb48976f" message='#[payload]' category="${log.baseCategory}.users.getUserByEmailFlow.errorHandling.requestPayload"/>
		<set-variable value="#[%dw 2.0&#10;output application/json&#10;---&#10;&quot;select * from users where email = '&quot; ++ (vars.email) ++ &quot;';&quot;]" doc:name="Set vars.selectQuery" doc:id="da493a37-a990-480a-9bfa-65f934d58a79" variableName="selectQuery" />
		<flow-ref doc:name="Select User By Email" doc:id="28e99ab1-53ee-4652-aee0-2c5c645ac95a" name="selectUserFromDbFlow" />
		<flow-ref doc:name="Check If User Exists" doc:id="0bd188e5-cdee-444c-abd8-58a4c5fdd44c" name="throwErrorIfUserDoesNotExistFlow"/>
		<flow-ref doc:name="Mapping User For Response" doc:id="653f20a6-4576-4221-bb8e-8fad06610d72" name="mapingUsersFlow" />
		<flow-ref doc:name="Set Payload to Json" doc:id="d0e337dc-8446-4351-a08a-df763572166d" name="setUserToJsonObjectFlow" />
		<logger level="WARN" doc:name="Response Payload" doc:id="fd4097c3-8b7c-49d3-8a54-e79ffea2bc69" message='#[payload]' category="${log.baseCategory}.users.getUserByEmailFlow.errorHandling.responsePayload"/>
		<error-handler >
			<on-error-propagate enableNotifications="true" logException="true" doc:name="On Error Propagate" doc:id="a3f09626-5be9-47e1-9318-0222b86538aa" >
				<logger level="ERROR" doc:name="Flow Level Error Handler" doc:id="124176fb-4ea9-49fe-b18e-dbc730f95c22" message='#["Flow level error handler"]' category="${log.baseCategory}.users.getUserByIdFlow.errorHandling.flowLevelErrorHandler"/>
			</on-error-propagate>
		</error-handler>
	</flow>
	<flow name="getAllUsersFlow" doc:id="1f234468-3ba9-49fe-a144-91f6431b1185" >
		<logger level="WARN" doc:name="Request Payload" doc:id="3ec7096f-d73f-4c8d-8b60-a576ee335323" message='#[payload]' category="${log.baseCategory}.users.getAllUsersByIdFlow.errorHandling.requestPayload"/>
		<set-variable value='#[%dw 2.0&#10;output application/json&#10;---&#10;"select * from users"]' doc:name="Set vars.selectQuery" doc:id="b68f31ef-887a-4ec9-b22c-e5ce02cb85d6" variableName="selectQuery"/>
		<set-variable value="#[%dw 2.0&#10;output application/json&#10;---&#10;attributes.queryParams.email]" doc:name="Set vars.email" doc:id="e26a9214-1edb-4f54-9ab8-eca44f22742e" variableName="email" />
		<choice doc:name="If email does not exist Select All Users, otherwise Select User By Email" doc:id="2bcc2125-9b42-469f-ba79-dd09492c7960" >
			<when expression="#[!isEmpty(vars.email)]">
				<flow-ref doc:name="Select User By Email" doc:id="9f35af47-51b7-4797-b76b-f1c4e4f3ae8d" name="getUserByEmailFlow"/>
			</when>
			<otherwise >
				<flow-ref doc:name="Select All Users " doc:id="c7447f40-f772-491e-9578-f40c28a21d37" name="selectUserFromDbFlow" />
				<flow-ref doc:name="Mapping User For Response" doc:id="3da42e7d-258b-4f82-8c81-3e3dc4dfad16" name="mapingUsersFlow" />
				<flow-ref doc:name="Set Payload To Json" doc:id="0f40f356-a064-4e22-a4dc-6b52409fd65a" name="setUsersToJsonArrayFlow" />
			</otherwise>
		</choice>
		<logger level="WARN" doc:name="Response Payload" doc:id="af91a796-b31b-41a8-9b07-194e293ffa9a" message='#[payload]' category="${log.baseCategory}.users.getAllUsersFlow.errorHandling.responsePayload"/>
		<error-handler >
			<on-error-propagate enableNotifications="true" logException="true" doc:name="On Error Propagate" doc:id="56063f7f-6f8b-4c56-a63f-20aeec0ffa98" >
				<logger level="ERROR" doc:name="Flow Level Error Handler" doc:id="bd941349-0040-4131-bc10-751265325653" category="${log.baseCategory}.users.getAllUsers.errorHandling.flowLevelErrorHandler" message='#["Flow level error handler"]'/>
			</on-error-propagate>
		</error-handler>
	</flow>
	<flow name="getUserByIdFlow" doc:id="d0f5f3e2-20d9-4c15-bb94-bc02a0b23b6d" >
		<logger level="WARN" doc:name="Request Payload" doc:id="2214bf1c-599a-4288-a105-dd1b2c0ff2bb" message='#[payload]' category="${log.baseCategory}.users.getUserByIdFlow.errorHandling.requestPayload"/>
		<set-variable value='#[%dw 2.0 &#10;output application/json&#10;---&#10;"select * from users where id = " ++ (attributes.uriParams.ID) ++ ";"]' doc:name="Set vars.selectQuery" doc:id="dc495b62-6a2f-4c63-b4b2-b1678a7ea951" variableName="selectQuery"/>
		<flow-ref doc:name="Select User By Id" doc:id="63a9c681-322e-4083-9d26-21c5fc886e9b" name="selectUserFromDbFlow"/>
		<flow-ref doc:name="Check If User Exists" doc:id="3cc91d3a-5b38-41bd-97e6-f7fcfdbcac8b" name="throwErrorIfUserDoesNotExistFlow"/>
		<flow-ref doc:name="Mapping User For Response" doc:id="2154129e-8857-47ef-b61a-90b9dd906bb7" name="mapingUsersFlow"/>
		<flow-ref doc:name="Set Payload To Json" doc:id="4ddd0d9a-40ba-4da8-9569-267042c812bf" name="setUserToJsonObjectFlow"/>
		<logger level="WARN" doc:name="Response Payload" doc:id="3b384afa-d35f-4b17-abbd-59e64dc8c9f6" message='#[payload]' category="${log.baseCategory}.users.getUserByIdFlow.errorHandling.responsePayload"/>
		<error-handler >
			<on-error-propagate enableNotifications="true" logException="true" doc:name="On Error Propagate" doc:id="885ec41d-0dc2-40ef-a52f-fb61d24d832d" type="ANY">
				<logger level="ERROR" doc:name="Flow Level Error Handler" doc:id="a101757e-4b19-44d3-8f4a-b05bd27dda89" message='#[payload]' category="${log.baseCategory}.users.getUserByIdFlow.errorHandling.flowLevelErrorHandler"/>
			</on-error-propagate>
		</error-handler>
	
</flow>

</mule>
