<?xml version="1.0" encoding="UTF-8"?>

<mule xmlns:os="http://www.mulesoft.org/schema/mule/os" xmlns:munit-tools="http://www.mulesoft.org/schema/mule/munit-tools"
	xmlns:db="http://www.mulesoft.org/schema/mule/db"
	xmlns:ee="http://www.mulesoft.org/schema/mule/ee/core" xmlns="http://www.mulesoft.org/schema/mule/core" xmlns:doc="http://www.mulesoft.org/schema/mule/documentation" xmlns:xsi="http://www.w3.org/2001/XMLSchema-instance" xsi:schemaLocation="http://www.mulesoft.org/schema/mule/core http://www.mulesoft.org/schema/mule/core/current/mule.xsd
http://www.mulesoft.org/schema/mule/ee/core http://www.mulesoft.org/schema/mule/ee/core/current/mule-ee.xsd
http://www.mulesoft.org/schema/mule/db http://www.mulesoft.org/schema/mule/db/current/mule-db.xsd
http://www.mulesoft.org/schema/mule/munit-tools http://www.mulesoft.org/schema/mule/munit-tools/current/mule-munit-tools.xsd
http://www.mulesoft.org/schema/mule/os http://www.mulesoft.org/schema/mule/os/current/mule-os.xsd">
	<flow name="selectUserFromDbFlow" doc:id="c3896508-091a-4bb2-9df8-13a120ddc86f" >
		<db:select doc:name="Select User" doc:id="e47ec62d-15ba-40af-93ab-a7598dd91633" config-ref="Database_Config">
			<db:sql ><![CDATA[#[vars.selectQuery]]]></db:sql>
		</db:select>
	</flow>
	<flow name="updateUserInDbFlow" doc:id="859b436d-5104-4082-9c03-1d755ae97348" >
		<ee:transform doc:name="Transform Message" doc:id="6b035abe-7c29-47f6-80ee-304b35dbe165" >
			<ee:message >
				<ee:set-payload ><![CDATA[%dw 2.0
output application/java
---
{
 email: vars.inputParams.email,
  firstName: vars.inputParams.firstName,
  lastName: vars.inputParams.lastName,
  manager_id: vars.inputParams.manager_id,
  street: vars.inputParams.street,
  city: vars.inputParams.city,
  dob: vars.inputParams.dob as Date {format: "dd/MM/yyyy"} as Date {format: "yyyy-MM-dd"} ,
  updated_at: vars.inputParams.updated_at,
  initials: vars.inputParams.initials
}]]></ee:set-payload>
			</ee:message>
		</ee:transform>
		<db:update doc:name="Update User " doc:id="a3aa4680-8709-4721-8f8c-8fa7e457a86d" config-ref="Database_Config">
			<db:sql><![CDATA[#[vars.updateQuery]]]></db:sql>
			<db:input-parameters><![CDATA[#[vars.inputParams]]]></db:input-parameters>
		</db:update>
	</flow>
	<flow name="deleteUserFromDbFlow" doc:id="2249b97d-6afc-4165-88f7-3e85dbead9dc" >
		<db:delete doc:name="Delete User" doc:id="90d8b274-5832-4ea3-b699-d611d07c8718" config-ref="Database_Config">
			<db:sql ><![CDATA[#[vars.deleteQuery]]]></db:sql>
		</db:delete>
	</flow>
	<flow name="insertUserInDbFlow" doc:id="b42feb36-f6bc-4efb-be00-972468b8bfdb" >
		<ee:transform doc:name="Transform Message" doc:id="2b61f689-7cce-4be7-bc98-329effd8c5cc" >
			<ee:message >
				<ee:set-payload ><![CDATA[%dw 2.0
output application/java
---
{
 email: vars.inputParams.email,
  firstName: vars.inputParams.firstName,
  lastName: vars.inputParams.lastName,
  manager_id: vars.inputParams.manager_id,
  street: vars.inputParams.street,
  city: vars.inputParams.city,
  dob: vars.inputParams.dob as Date {format: "dd/MM/yyyy"} as Date {format: "yyyy-MM-dd"} ,
  updated_at: vars.inputParams.updated_at,
  initials: vars.inputParams.initials
}]]></ee:set-payload>
			</ee:message>
		</ee:transform>
		<db:insert doc:name="Insert User" doc:id="0ca11c16-0f7a-40e0-8a7e-b6730106582c" config-ref="Database_Config">
			<db:sql ><![CDATA[#[vars.createQuery]]]></db:sql>
			<db:input-parameters ><![CDATA[#[payload]]]></db:input-parameters>
		</db:insert>
	</flow>
	<flow name="mapingUsersFlow" doc:id="35016f81-ec63-4a65-9923-b8b94f89d9e7" >
		<ee:transform doc:name="Mapping Users for response" doc:id="0509f341-1d0d-4ea3-b5ec-4178e6b3e624" >
			<ee:message >
				<ee:set-payload ><![CDATA[%dw 2.0
output application/java
---
payload map (item, index) ->

 {
	ID: item.ID,
	email: item.email,
	firstName: item.firstName,
	lastName: item.lastName,
	manager_id: item.manager_id,
	dob: item.dob as Date as String {format: "dd/MM/yyyy"},
	updated_at: item.updated_at as String {format: "yyyy-MM-dd HH:mm:ss"},
	initials: item.initials,
	addrese: {
		street: item.street,
		city: item.city
	}
}
]]></ee:set-payload>
			</ee:message>
		</ee:transform>
	</flow>
	<flow name="setUsersToJsonArrayFlow" doc:id="4107fe11-a692-44a0-bd5d-29fa49abfba1" >
		<set-payload value="#[%dw 2.0&#10;output application/json&#10;---&#10;payload]" doc:name="Set Payload To Json" doc:id="3dbd5eff-5422-4c9d-b3aa-36ac179df42e" />
	</flow>
	<flow name="setUserToJsonObjectFlow" doc:id="130dc267-4443-4de4-8097-e9cd6194a627" >
		<set-payload value="#[%dw 2.0&#10;output application/json&#10;---&#10;payload[0]]" doc:name="Set Payload To Json" doc:id="9b270d5f-f247-47b3-9981-8f93853b8765" />
	</flow>
	<flow name="getInputParamsFlow" doc:id="712ba1b9-3be3-4f53-a03d-60c06e529040" >
		<set-variable value='#[%dw 2.0&#10;output application/json&#10;---&#10;{ email: payload.email,&#10;  firstName: payload.firstName,&#10;  lastName: payload.lastName,&#10;  manager_id: payload.manager_id,&#10;  street: payload.addrese.street,&#10;  city: payload.addrese.city,&#10;  dob: payload.dob,&#10;  updated_at: payload.updated_at,&#10;  initials: payload.initials&#10;}]' doc:name="Set vars.inputParams" doc:id="bc77c09c-4139-4c39-b93b-a304d35b1342" variableName="inputParams"/>
	</flow>
	<flow name="throwErrorIfUserDoesNotExistFlow" doc:id="98526f50-f2d5-48af-8dae-f02820de1b08" >
		<ee:transform doc:name="Throw Error If User Does Not Exist" doc:id="0cc3085b-b857-4960-a4d3-75df0354365b" >
			<ee:message >
				<ee:set-payload ><![CDATA[%dw 2.0
output application/java
import fail from dw::Runtime
---
if ( isEmpty(payload) )
 fail("USER DOES NOT EXIST!")
else
 payload]]></ee:set-payload>
			</ee:message>
		</ee:transform>
		<error-handler >
			<on-error-propagate enableNotifications="true" logException="true" doc:name="On Error Propagate" doc:id="0068a82f-5f26-4f3a-a952-110a218ff08d" when='#[error.exception.cause.message default "" startsWith "USER DOES NOT EXIST!"]'>
				<set-variable value="404" doc:name="Set vars.httpStatus" doc:id="e8bdd094-cc42-4e21-a3eb-1e6332929836" variableName="httpStatus" />
				<set-payload value='#[%dw 2.0&#10;output application/json&#10;---&#10;{message: "User does not exist!"}]' doc:name="Set Response Payload" doc:id="05b72047-35d2-4e9c-9cfd-5f1dae42c26d" />
			</on-error-propagate>
		</error-handler>
	</flow>
	<flow name="throwErrorIfUserAlreadyExistsFlow" doc:id="e54bd161-47b4-4bc0-859b-cbbcf5269b7e" >
		<ee:transform doc:name="Throw Error If User Already Exists" doc:id="4e81523a-cec3-46e5-9cc7-8cab6c1d92d5" >
			<ee:message >
				<ee:set-payload ><![CDATA[%dw 2.0
output application/java
import fail from dw::Runtime
---
if ( !isEmpty(payload) ) fail("User Already Exists") 
else
 payload]]></ee:set-payload>
			</ee:message>
		</ee:transform>
		<error-handler >
			<on-error-propagate enableNotifications="true" logException="true" doc:name="On Error Propagate" doc:id="88d89303-3feb-4832-abc7-1679caec452b" when='#[error.exception.cause.message default "" startsWith "User Already Exists"]'>
				<set-variable value='#["409"]' doc:name="Set vars.httpStatus" doc:id="f4709f91-a659-49da-9a32-e6d8aa57b27a" variableName="httpStatus" />
				<set-payload value='#[%dw 2.0&#10;output application/json&#10;---&#10;{message: "User already exists!"}]' doc:name="Set Response Payload" doc:id="f785b544-bb51-4b10-8104-bd5167779b2a" />
			</on-error-propagate>
		</error-handler>
	</flow>
</mule>
