<?xml version="1.0" encoding="UTF-8"?>

<mule xmlns:jms="http://www.mulesoft.org/schema/mule/jms" xmlns:file="http://www.mulesoft.org/schema/mule/file"
	xmlns:ee="http://www.mulesoft.org/schema/mule/ee/core"
	xmlns:os="http://www.mulesoft.org/schema/mule/os" xmlns:http="http://www.mulesoft.org/schema/mule/http" xmlns="http://www.mulesoft.org/schema/mule/core" xmlns:doc="http://www.mulesoft.org/schema/mule/documentation" xmlns:xsi="http://www.w3.org/2001/XMLSchema-instance" xsi:schemaLocation="http://www.mulesoft.org/schema/mule/core http://www.mulesoft.org/schema/mule/core/current/mule.xsd
http://www.mulesoft.org/schema/mule/http http://www.mulesoft.org/schema/mule/http/current/mule-http.xsd
http://www.mulesoft.org/schema/mule/os http://www.mulesoft.org/schema/mule/os/current/mule-os.xsd
http://www.mulesoft.org/schema/mule/ee/core http://www.mulesoft.org/schema/mule/ee/core/current/mule-ee.xsd
http://www.mulesoft.org/schema/mule/file http://www.mulesoft.org/schema/mule/file/current/mule-file.xsd
http://www.mulesoft.org/schema/mule/jms http://www.mulesoft.org/schema/mule/jms/current/mule-jms.xsd">
	<flow name="updateOrCreateUserFlow" doc:id="ff1b40d0-1d57-4960-96f9-ce898586cc99" >
		<set-variable value="#[%dw 2.0&#10;output application/json&#10;---&#10;payload]" doc:name="Set vars.user" doc:id="24d48ac8-17f8-4385-b76e-1a19a60e8a5f" variableName="user"/>
		<set-variable value='#[%dw 2.0&#10;output application/json&#10;---&#10;payload."manager-EmailAdresse"]' doc:name="Set vars.managerEmailAdresse" doc:id="9b24559e-5e0e-4ecb-b4a1-b112a9d6f898" variableName="managerEmailAdresse" />
		<set-variable value='#[%dw 2.0&#10;output application/json&#10;---&#10;payload."emailAdresse"]' doc:name="Set vars.usersEmailAdresse" doc:id="79763c5d-8893-420a-852f-c2c1f6ab4af1" variableName="usersEmailAdresse" />
		<flow-ref doc:name="Get Manager ID" doc:id="db351c34-5626-417f-ba00-4d03ba8526a1" name="getManagerIdFlow" />
		<flow-ref doc:name="Get User" doc:id="75138e4d-e055-4871-86f9-09180296eb7b" name="getUserFlow" />
		<ee:transform doc:name="Map User For Request" doc:id="f32fa1d2-ea4e-42db-a449-f81568b3ca80">
			<ee:message>
				<ee:set-payload><![CDATA[%dw 2.0
output application/json 
fun changeFormatToISO8601Standard(localTime: DateTime): String = localTime as String {format: "yyyy-MM-dd HH:mm:ss"}
---
 {
	email: vars.user.emailAdresse,
	firstName: vars.user.vorname,
	lastName: vars.user.nachname,
	manager_id: vars."manager_id",
	dob: (((vars.user.Geburtstag as Number) as DateTime {unit : "seconds"}) >> "Europe/Zagreb") as  String {format: "dd/MM/yyyy"},
	updated_at: changeFormatToISO8601Standard(now()>> 'GMT+1' ),
	addrese: {
		street: vars.user."straße",
		city: vars.user.Geburtsort
	},
    initials: upper(vars.user.vorname[0] ++ vars.user.nachname[0])  
 }]]></ee:set-payload>
			</ee:message>
		</ee:transform>
		<choice doc:name="If User Does Not Exist Create User Otherwise Update User" doc:id="aea8f923-915b-4bc3-8e11-dd80a641d011">
			<when expression="#[vars.isExistingUser == false]">
				<http:request method="POST" doc:name="Create User" doc:id="8c51bf52-8048-4c26-9157-f88c686bcd7a" responseTimeout="999999" config-ref="HTTP_Request_configuration" path="${database.basePath}${users-endpoint}"/>
			</when>
			<otherwise>
				<http:request method="PUT" doc:name="Update User" doc:id="e029617e-8247-4900-aadc-4dbff9a270df" responseTimeout="999999" config-ref="HTTP_Request_configuration" path="${database.basePath}${users-endpoint}/{ID}">
					<http:uri-params ><![CDATA[#[{
	ID: vars.usersID
}]]]></http:uri-params>
				</http:request>
			</otherwise>
		</choice>
		<set-variable value='#[%dw 2.0&#10;output application/json&#10;---&#10;"201"]' doc:name="Set vars.httpStatus" doc:id="1b7861b7-c956-4d68-84fa-2365ce752d9d" variableName="httpStatus" />
		<set-payload value='#[""]' doc:name="Set Empty Payload" doc:id="0bf58be0-9c33-45e9-9ee1-d7053ec56a52" />
	</flow>
	<flow name="getLastUpdatedUserFlow" doc:id="b44cd00f-12f9-441b-8a60-be71bd2f56cc" initialState="started">
		<scheduler doc:name="Scheduler" doc:id="6ddc9647-b873-4eb3-8301-952f0283e8d9">
			<scheduling-strategy>
				<fixed-frequency frequency="5" timeUnit="MINUTES" />
			</scheduling-strategy>
		</scheduler>
		<os:retrieve doc:name="Store Last Time (vars.updated_at)" doc:id="c894d2dd-e37e-4fe5-b955-f78091c71776" key="watermark" target="updated_at">
			<os:default-value><![CDATA[#["1970-01-01 00:00:00"]]]></os:default-value>
		</os:retrieve>
		<os:store doc:name="Store New Users" doc:id="b2b89f6e-1886-40cb-b310-462576cfd900" key="watermark">
			<os:value><![CDATA[#[now() as DateTime as String {format: "yyyy-MM-dd HH:mm:ss" }]]]></os:value>
		</os:store>
		<http:request method="GET" doc:name="Get All Users" doc:id="7f37c94e-0dad-4a93-b41d-f8d9bdf83a65" config-ref="HTTP_Request_configuration" path="${database.basePath}" />
		<ee:transform doc:name="Check If There Are New Users" doc:id="9c794abe-30e2-4de3-8905-56621ca241ac">
			<ee:message>
				<ee:set-payload><![CDATA[%dw 2.0
output application/java
---
payload filter ((value, index) -> value.updated_at >= vars.updated_at) 

]]></ee:set-payload>
			</ee:message>
		</ee:transform>
		<ee:transform doc:name="Map Users For Csv Format" doc:id="67376e11-d8a6-4a66-8c43-624d12c5e08a">
			<ee:message>
				<ee:set-payload><![CDATA[%dw 2.0
output application/java
---
payload map (item, index) ->

{
	ID: item.ID,
	email: item.email,
	firstName: item.firstName,
	lastName: item.lastName,
	manager_id: item.manager_id,
	dob: item.dob as String {format: "dd/MM/yyyy"},
	updated_at: item.updated_at as String{format: "yyyy-MM-dd HH:mm:ss"},
	initials: item.initials,
	street: item.addrese.street,
	city: item.addrese.city
}]]></ee:set-payload>
			</ee:message>
		</ee:transform>
		<choice doc:name="If Users Exist Write Them Down Otherwise Send Logger Message" doc:id="e2fe24cd-3810-41f1-81f4-b591035c5fdd">
			<when expression="#[!isEmpty(payload)]">
				<file:write doc:name="Write New Users" doc:id="198b8a42-f856-4965-afaf-92ac6714c41a" mode="APPEND" config-ref="File_Config" path="${fileName}${fileExtension}">
					<file:content><![CDATA[#[%dw 2.0
output application/csv
---
payload]]]></file:content>
		</file:write>
			</when>
			<otherwise>
				<logger level="INFO" doc:name="Message" doc:id="969a894d-9346-4e99-8a80-4f328e603e14" message='#["There are NOT any new users!"]'/>
			</otherwise>
		</choice>
	</flow>
</mule>
