<?xml version='1.0' encoding='UTF-8'?>
<types:mule xmlns:types="http://www.mulesoft.org/schema/mule/types">
  <types:catalog>
    <types:type name="user" format="json">
      <types:shape format="weave" example="examples/User-3.json"><![CDATA[%dw 2.0

type user = Array<{|  ID: Number {"typeId": "int"},   email: String,   firstName: String,   lastName: String,   manager_id: Number {"typeId": "int"},   dob: String,   updated_at: String,   initials: String,   addrese: {|    street: String,     city: String  |}|}> {"example": "[{\\\"ID\\\":1,\\\"email\\\":\\\"email@net-hr\\\",\\\"firstName\\\":\\\"dom\\\",\\\"lastName\\\":\\\"kaj\\\",\\\"manager_id\\\":1,\\\"dob\\\":\\\"ijfeifejei\\\",\\\"updated_at\\\":\\\"2021-12-25 14-43-32\\\",\\\"initials\\\":\\\"KK\\\",\\\"addrese\\\":{\\\"street\\\":\\\"Tina Ujevia\\\",\\\"city\\\":\\\"Vukoivar\\\"}}]"}

]]></types:shape>
    </types:type>
    <types:type name="object" format="json">
      <types:shape format="weave" example="examples/userobject.json"><![CDATA[%dw 2.0

type object = {|
  ID: Number {"typeId": "int"}, 
  email: String, 
  firstName: String, 
  lastName: String, 
  manager_id: Number {"typeId": "int"}, 
  dob: String, 
  updated_at: String, 
  initials: String, 
  addrese: {|
    street: String, 
    city: String
  |}
|} {"example": "{\\\"ID\\\":1,\\\"email\\\":\\\"email@net-hr\\\",\\\"firstName\\\":\\\"dom\\\",\\\"lastName\\\":\\\"kaj\\\",\\\"manager_id\\\":1,\\\"dob\\\":\\\"ijfeifejei\\\",\\\"updated_at\\\":\\\"2021-12-25 14-43-32\\\",\\\"initials\\\":\\\"KK\\\",\\\"addrese\\\":{\\\"street\\\":\\\"Tina Ujevia\\\",\\\"city\\\":\\\"Vukoivar\\\"}}"}

]]></types:shape>
    </types:type>
    <types:type name="auto_c3896508-091a-4bb2-9df8-13a120ddc86f_Input-Variables-selectQuery" format="java">
      <types:shape format="weave" example="weave/autogenerated/c3896508-091a-4bb2-9df8-13a120ddc86f/Input-Variables-selectQuery.wev" autogeneratedOrigin="28e99ab1-53ee-4652-aee0-2c5c645ac95a"><![CDATA[%dw 2.0

type auto_c3896508_091a_4bb2_9df8_13a120ddc86f_Input_Variables_selectQuery = Any

]]></types:shape>
    </types:type>
    <types:type name="auto_c3896508-091a-4bb2-9df8-13a120ddc86f_Output-Payload" format="java">
      <types:shape format="weave" example="weave/autogenerated/c3896508-091a-4bb2-9df8-13a120ddc86f/Output-Payload.wev" autogeneratedOrigin="28e99ab1-53ee-4652-aee0-2c5c645ac95a"><![CDATA[%dw 2.0

type auto_c3896508_091a_4bb2_9df8_13a120ddc86f_Output_Payload = Array<{ _?: java_lang_Object }>
type java_lang_Object = {|  |} {"typeAlias": "Object",
"class": "java.lang.Object",
"typeId": "java.lang.Object"}



]]></types:shape>
    </types:type>
    <types:type name="auto_c3896508-091a-4bb2-9df8-13a120ddc86f_Output-Attributes" format="java">
      <types:shape format="weave" example="weave/autogenerated/c3896508-091a-4bb2-9df8-13a120ddc86f/Output-Attributes.wev" autogeneratedOrigin="28e99ab1-53ee-4652-aee0-2c5c645ac95a"><![CDATA[%dw 2.0

type auto_c3896508_091a_4bb2_9df8_13a120ddc86f_Output_Attributes = Null

]]></types:shape>
    </types:type>
    <types:type name="auto_c3896508-091a-4bb2-9df8-13a120ddc86f_Output-Variables-selectQuery" format="java">
      <types:shape format="weave" example="weave/autogenerated/c3896508-091a-4bb2-9df8-13a120ddc86f/Output-Variables-selectQuery.wev" autogeneratedOrigin="28e99ab1-53ee-4652-aee0-2c5c645ac95a"><![CDATA[%dw 2.0

type auto_c3896508_091a_4bb2_9df8_13a120ddc86f_Output_Variables_selectQuery = Any

]]></types:shape>
    </types:type>
    <types:type name="auto_4107fe11-a692-44a0-bd5d-29fa49abfba1_Input-Payload" format="java">
      <types:shape format="weave" example="weave/autogenerated/4107fe11-a692-44a0-bd5d-29fa49abfba1/Input-Payload.wev" autogeneratedOrigin="0f40f356-a064-4e22-a4dc-6b52409fd65a"><![CDATA[%dw 2.0

type auto_4107fe11_a692_44a0_bd5d_29fa49abfba1_Input_Payload = Array<{|  ID: Number {"typeId": "int"},   email: String,   firstName: String,   lastName: String,   manager_id: Number {"typeId": "int"},   dob: String,   updated_at: String,   initials: String,   addrese: {|    street: Null,     city: Null  |}|}>

]]></types:shape>
    </types:type>
    <types:type name="auto_4107fe11-a692-44a0-bd5d-29fa49abfba1_Input-Attributes" format="java">
      <types:shape format="weave" example="weave/autogenerated/4107fe11-a692-44a0-bd5d-29fa49abfba1/Input-Attributes.wev" autogeneratedOrigin="0f40f356-a064-4e22-a4dc-6b52409fd65a"><![CDATA[%dw 2.0

type auto_4107fe11_a692_44a0_bd5d_29fa49abfba1_Input_Attributes = Null

]]></types:shape>
    </types:type>
    <types:type name="auto_4107fe11-a692-44a0-bd5d-29fa49abfba1_Input-Variables-selectQuery" format="java">
      <types:shape format="weave" example="weave/autogenerated/4107fe11-a692-44a0-bd5d-29fa49abfba1/Input-Variables-selectQuery.wev" autogeneratedOrigin="0f40f356-a064-4e22-a4dc-6b52409fd65a"><![CDATA[%dw 2.0

type auto_4107fe11_a692_44a0_bd5d_29fa49abfba1_Input_Variables_selectQuery = Any

]]></types:shape>
    </types:type>
    <types:type name="auto_4107fe11-a692-44a0-bd5d-29fa49abfba1_Output-Payload" format="java">
      <types:shape format="weave" example="weave/autogenerated/4107fe11-a692-44a0-bd5d-29fa49abfba1/Output-Payload.wev" autogeneratedOrigin="0f40f356-a064-4e22-a4dc-6b52409fd65a"><![CDATA[%dw 2.0

type auto_4107fe11_a692_44a0_bd5d_29fa49abfba1_Output_Payload = Any

]]></types:shape>
    </types:type>
    <types:type name="auto_4107fe11-a692-44a0-bd5d-29fa49abfba1_Output-Attributes" format="java">
      <types:shape format="weave" example="weave/autogenerated/4107fe11-a692-44a0-bd5d-29fa49abfba1/Output-Attributes.wev" autogeneratedOrigin="0f40f356-a064-4e22-a4dc-6b52409fd65a"><![CDATA[%dw 2.0

type auto_4107fe11_a692_44a0_bd5d_29fa49abfba1_Output_Attributes = Null

]]></types:shape>
    </types:type>
    <types:type name="auto_4107fe11-a692-44a0-bd5d-29fa49abfba1_Output-Variables-selectQuery" format="java">
      <types:shape format="weave" example="weave/autogenerated/4107fe11-a692-44a0-bd5d-29fa49abfba1/Output-Variables-selectQuery.wev" autogeneratedOrigin="0f40f356-a064-4e22-a4dc-6b52409fd65a"><![CDATA[%dw 2.0

type auto_4107fe11_a692_44a0_bd5d_29fa49abfba1_Output_Variables_selectQuery = Any

]]></types:shape>
    </types:type>
    <types:type name="auto_130dc267-4443-4de4-8097-e9cd6194a627_Input-Payload" format="java">
      <types:shape format="weave" example="weave/autogenerated/130dc267-4443-4de4-8097-e9cd6194a627/Input-Payload.wev" autogeneratedOrigin="d0e337dc-8446-4351-a08a-df763572166d"><![CDATA[%dw 2.0

type auto_130dc267_4443_4de4_8097_e9cd6194a627_Input_Payload = Array<{|  ID: Number {"typeId": "int"},   email: String,   firstName: String,   lastName: String,   manager_id: Number {"typeId": "int"},   dob: String,   updated_at: String,   initials: String,   addrese: {|    street: Null,     city: Null  |}|}>

]]></types:shape>
    </types:type>
    <types:type name="auto_130dc267-4443-4de4-8097-e9cd6194a627_Input-Attributes" format="java">
      <types:shape format="weave" example="weave/autogenerated/130dc267-4443-4de4-8097-e9cd6194a627/Input-Attributes.wev" autogeneratedOrigin="d0e337dc-8446-4351-a08a-df763572166d"><![CDATA[%dw 2.0

type auto_130dc267_4443_4de4_8097_e9cd6194a627_Input_Attributes = Null

]]></types:shape>
    </types:type>
    <types:type name="auto_130dc267-4443-4de4-8097-e9cd6194a627_Input-Variables-selectQuery" format="java">
      <types:shape format="weave" example="weave/autogenerated/130dc267-4443-4de4-8097-e9cd6194a627/Input-Variables-selectQuery.wev" autogeneratedOrigin="d0e337dc-8446-4351-a08a-df763572166d"><![CDATA[%dw 2.0

type auto_130dc267_4443_4de4_8097_e9cd6194a627_Input_Variables_selectQuery = Any

]]></types:shape>
    </types:type>
    <types:type name="auto_130dc267-4443-4de4-8097-e9cd6194a627_Output-Payload" format="java">
      <types:shape format="weave" example="weave/autogenerated/130dc267-4443-4de4-8097-e9cd6194a627/Output-Payload.wev" autogeneratedOrigin="d0e337dc-8446-4351-a08a-df763572166d"><![CDATA[%dw 2.0

type auto_130dc267_4443_4de4_8097_e9cd6194a627_Output_Payload = Any

]]></types:shape>
    </types:type>
    <types:type name="auto_130dc267-4443-4de4-8097-e9cd6194a627_Output-Attributes" format="java">
      <types:shape format="weave" example="weave/autogenerated/130dc267-4443-4de4-8097-e9cd6194a627/Output-Attributes.wev" autogeneratedOrigin="d0e337dc-8446-4351-a08a-df763572166d"><![CDATA[%dw 2.0

type auto_130dc267_4443_4de4_8097_e9cd6194a627_Output_Attributes = Null

]]></types:shape>
    </types:type>
    <types:type name="auto_130dc267-4443-4de4-8097-e9cd6194a627_Output-Variables-selectQuery" format="java">
      <types:shape format="weave" example="weave/autogenerated/130dc267-4443-4de4-8097-e9cd6194a627/Output-Variables-selectQuery.wev" autogeneratedOrigin="d0e337dc-8446-4351-a08a-df763572166d"><![CDATA[%dw 2.0

type auto_130dc267_4443_4de4_8097_e9cd6194a627_Output_Variables_selectQuery = Any

]]></types:shape>
    </types:type>
    <types:type name="auto_2249b97d-6afc-4165-88f7-3e85dbead9dc_Input-Variables-httpStatus" format="java">
      <types:shape format="raml" autogeneratedOrigin="1c2890e1-d03f-45ce-a6f1-2eff22e0672e"><![CDATA[#%RAML 1.0 DataType
type: string]]></types:shape>
    </types:type>
    <types:type name="auto_2249b97d-6afc-4165-88f7-3e85dbead9dc_Input-Variables-selectQuery" format="java">
      <types:shape format="raml" autogeneratedOrigin="1c2890e1-d03f-45ce-a6f1-2eff22e0672e"><![CDATA[#%RAML 1.0 DataType
type: string]]></types:shape>
    </types:type>
    <types:type name="auto_2249b97d-6afc-4165-88f7-3e85dbead9dc_Output-Payload" format="java">
      <types:shape format="raml" autogeneratedOrigin="1c2890e1-d03f-45ce-a6f1-2eff22e0672e"><![CDATA[#%RAML 1.0 DataType
type: number]]></types:shape>
    </types:type>
    <types:type name="auto_2249b97d-6afc-4165-88f7-3e85dbead9dc_Output-Variables-httpStatus" format="java">
      <types:shape format="raml" autogeneratedOrigin="1c2890e1-d03f-45ce-a6f1-2eff22e0672e"><![CDATA[#%RAML 1.0 DataType
type: string]]></types:shape>
    </types:type>
    <types:type name="auto_2249b97d-6afc-4165-88f7-3e85dbead9dc_Output-Variables-selectQuery" format="java">
      <types:shape format="raml" autogeneratedOrigin="1c2890e1-d03f-45ce-a6f1-2eff22e0672e"><![CDATA[#%RAML 1.0 DataType
type: string]]></types:shape>
    </types:type>
    <types:type name="auto_859b436d-5104-4082-9c03-1d755ae97348_Input-Payload" format="json">
      <types:shape format="weave" example="weave/autogenerated/859b436d-5104-4082-9c03-1d755ae97348/Input-Payload.wev" autogeneratedOrigin="29469723-e911-486d-9882-51c3d810255e"><![CDATA[%dw 2.0

type auto_859b436d_5104_4082_9c03_1d755ae97348_Input_Payload = {
  firstName: String, 
  lastName: String, 
  addrese: {
    city: String, 
    street: String, 
    _?: Any
  }, 
  updated_at: String, 
  manager_id: Number, 
  dob: String, 
  initials: String, 
  ID?: Number, 
  email: String, 
  _?: Any
}

]]></types:shape>
    </types:type>
    <types:type name="auto_859b436d-5104-4082-9c03-1d755ae97348_Input-Attributes" format="java">
      <types:shape format="weave" example="weave/autogenerated/859b436d-5104-4082-9c03-1d755ae97348/Input-Attributes.wev" autogeneratedOrigin="29469723-e911-486d-9882-51c3d810255e"><![CDATA[%dw 2.0

type auto_859b436d_5104_4082_9c03_1d755ae97348_Input_Attributes = {|
  clientCertificate?: {|
    publicKey?: {|  |}, 
    "type"?: String, 
    encoded?: Binary
  |}, 
  headers: {|  |}, 
  listenerPath: String, 
  method: String, 
  queryParams: {|  |}, 
  queryString: String, 
  relativePath: String, 
  remoteAddress: String, 
  requestPath: String, 
  requestUri: String, 
  scheme: String, 
  uriParams: {| ID: String |}, 
  version: String, 
  localAddress: String
|}

]]></types:shape>
    </types:type>
    <types:type name="auto_859b436d-5104-4082-9c03-1d755ae97348_Input-Variables-outboundHeaders" format="java">
      <types:shape format="weave" example="weave/autogenerated/859b436d-5104-4082-9c03-1d755ae97348/Input-Variables-outboundHeaders.wev" autogeneratedOrigin="29469723-e911-486d-9882-51c3d810255e"><![CDATA[%dw 2.0

type auto_859b436d_5104_4082_9c03_1d755ae97348_Input_Variables_outboundHeaders = {|  |}

]]></types:shape>
    </types:type>
    <types:type name="auto_859b436d-5104-4082-9c03-1d755ae97348_Input-Variables-httpStatus" format="java">
      <types:shape format="raml" autogeneratedOrigin="29469723-e911-486d-9882-51c3d810255e"><![CDATA[#%RAML 1.0 DataType
type: string]]></types:shape>
    </types:type>
    <types:type name="auto_859b436d-5104-4082-9c03-1d755ae97348_Input-Variables-selectQuery" format="java">
      <types:shape format="raml" autogeneratedOrigin="29469723-e911-486d-9882-51c3d810255e"><![CDATA[#%RAML 1.0 DataType
type: string]]></types:shape>
    </types:type>
    <types:type name="auto_859b436d-5104-4082-9c03-1d755ae97348_Input-Variables-id" format="java">
      <types:shape format="weave" example="weave/autogenerated/859b436d-5104-4082-9c03-1d755ae97348/Input-Variables-id.wev" autogeneratedOrigin="29469723-e911-486d-9882-51c3d810255e"><![CDATA[%dw 2.0

type auto_859b436d_5104_4082_9c03_1d755ae97348_Input_Variables_id = Null

]]></types:shape>
    </types:type>
    <types:type name="auto_859b436d-5104-4082-9c03-1d755ae97348_Output-Payload" format="java">
      <types:shape format="weave" example="weave/autogenerated/859b436d-5104-4082-9c03-1d755ae97348/Output-Payload.wev" autogeneratedOrigin="29469723-e911-486d-9882-51c3d810255e"><![CDATA[%dw 2.0

type auto_859b436d_5104_4082_9c03_1d755ae97348_Output_Payload = {|
  affectedRows?: Number, 
  generatedKeys?: { _?: Number }
|} {"typeAlias": "StatementResult",
"typeId": "org.mule.extension.db.api.StatementResult"}

]]></types:shape>
    </types:type>
    <types:type name="auto_859b436d-5104-4082-9c03-1d755ae97348_Output-Attributes" format="java">
      <types:shape format="weave" example="weave/autogenerated/859b436d-5104-4082-9c03-1d755ae97348/Output-Attributes.wev" autogeneratedOrigin="29469723-e911-486d-9882-51c3d810255e"><![CDATA[%dw 2.0

type auto_859b436d_5104_4082_9c03_1d755ae97348_Output_Attributes = Null

]]></types:shape>
    </types:type>
    <types:type name="auto_859b436d-5104-4082-9c03-1d755ae97348_Output-Variables-outboundHeaders" format="java">
      <types:shape format="weave" example="weave/autogenerated/859b436d-5104-4082-9c03-1d755ae97348/Output-Variables-outboundHeaders.wev" autogeneratedOrigin="29469723-e911-486d-9882-51c3d810255e"><![CDATA[%dw 2.0

type auto_859b436d_5104_4082_9c03_1d755ae97348_Output_Variables_outboundHeaders = {|  |}

]]></types:shape>
    </types:type>
    <types:type name="auto_859b436d-5104-4082-9c03-1d755ae97348_Output-Variables-httpStatus" format="java">
      <types:shape format="raml" autogeneratedOrigin="29469723-e911-486d-9882-51c3d810255e"><![CDATA[#%RAML 1.0 DataType
type: string]]></types:shape>
    </types:type>
    <types:type name="auto_859b436d-5104-4082-9c03-1d755ae97348_Output-Variables-selectQuery" format="java">
      <types:shape format="raml" autogeneratedOrigin="29469723-e911-486d-9882-51c3d810255e"><![CDATA[#%RAML 1.0 DataType
type: string]]></types:shape>
    </types:type>
    <types:type name="auto_859b436d-5104-4082-9c03-1d755ae97348_Output-Variables-id" format="java">
      <types:shape format="weave" example="weave/autogenerated/859b436d-5104-4082-9c03-1d755ae97348/Output-Variables-id.wev" autogeneratedOrigin="29469723-e911-486d-9882-51c3d810255e"><![CDATA[%dw 2.0

type auto_859b436d_5104_4082_9c03_1d755ae97348_Output_Variables_id = Null

]]></types:shape>
    </types:type>
    <types:type name="auto_b42feb36-f6bc-4efb-be00-972468b8bfdb_Input-Variables-httpStatus" format="java">
      <types:shape format="raml" autogeneratedOrigin="edf91631-32d1-450f-80bd-27e6f83f36fd"><![CDATA[#%RAML 1.0 DataType
type: string]]></types:shape>
    </types:type>
    <types:type name="auto_b42feb36-f6bc-4efb-be00-972468b8bfdb_Input-Variables-inputParams" format="java">
      <types:shape format="raml" autogeneratedOrigin="edf91631-32d1-450f-80bd-27e6f83f36fd"><![CDATA[#%RAML 1.0 DataType
type: string]]></types:shape>
    </types:type>
    <types:type name="auto_b42feb36-f6bc-4efb-be00-972468b8bfdb_Input-Variables-selectQuery" format="java">
      <types:shape format="raml" autogeneratedOrigin="edf91631-32d1-450f-80bd-27e6f83f36fd"><![CDATA[#%RAML 1.0 DataType
type: string]]></types:shape>
    </types:type>
    <types:type name="auto_b42feb36-f6bc-4efb-be00-972468b8bfdb_Output-Variables-httpStatus" format="java">
      <types:shape format="raml" autogeneratedOrigin="edf91631-32d1-450f-80bd-27e6f83f36fd"><![CDATA[#%RAML 1.0 DataType
type: string]]></types:shape>
    </types:type>
    <types:type name="auto_b42feb36-f6bc-4efb-be00-972468b8bfdb_Output-Variables-inputParams" format="java">
      <types:shape format="raml" autogeneratedOrigin="edf91631-32d1-450f-80bd-27e6f83f36fd"><![CDATA[#%RAML 1.0 DataType
type: string]]></types:shape>
    </types:type>
    <types:type name="auto_b42feb36-f6bc-4efb-be00-972468b8bfdb_Output-Variables-selectQuery" format="java">
      <types:shape format="raml" autogeneratedOrigin="edf91631-32d1-450f-80bd-27e6f83f36fd"><![CDATA[#%RAML 1.0 DataType
type: string]]></types:shape>
    </types:type>
    <types:type name="String" format="java">
      <types:shape format="raml"><![CDATA[#%RAML 1.0 DataType
type: string]]></types:shape>
    </types:type>
    <types:type name="auto_712ba1b9-3be3-4f53-a03d-60c06e529040_Input-Payload" format="json">
      <types:shape format="weave" example="weave/autogenerated/712ba1b9-3be3-4f53-a03d-60c06e529040/Input-Payload.wev" autogeneratedOrigin="09745a7c-fcca-4261-9350-393808700e29"><![CDATA[%dw 2.0

type auto_712ba1b9_3be3_4f53_a03d_60c06e529040_Input_Payload = {
  firstName: String, 
  lastName: String, 
  addrese: {
    city: String, 
    street: String, 
    _?: Any
  }, 
  updated_at: String, 
  manager_id: Number, 
  dob: String, 
  initials: String, 
  ID?: Number, 
  email: String, 
  _?: Any
}

]]></types:shape>
    </types:type>
    <types:type name="auto_712ba1b9-3be3-4f53-a03d-60c06e529040_Input-Attributes" format="java">
      <types:shape format="weave" example="weave/autogenerated/712ba1b9-3be3-4f53-a03d-60c06e529040/Input-Attributes.wev" autogeneratedOrigin="09745a7c-fcca-4261-9350-393808700e29"><![CDATA[%dw 2.0

type auto_712ba1b9_3be3_4f53_a03d_60c06e529040_Input_Attributes = Null

]]></types:shape>
    </types:type>
    <types:type name="auto_712ba1b9-3be3-4f53-a03d-60c06e529040_Input-Variables-outboundHeaders" format="java">
      <types:shape format="weave" example="weave/autogenerated/712ba1b9-3be3-4f53-a03d-60c06e529040/Input-Variables-outboundHeaders.wev" autogeneratedOrigin="09745a7c-fcca-4261-9350-393808700e29"><![CDATA[%dw 2.0

type auto_712ba1b9_3be3_4f53_a03d_60c06e529040_Input_Variables_outboundHeaders = {|  |}

]]></types:shape>
    </types:type>
    <types:type name="auto_712ba1b9-3be3-4f53-a03d-60c06e529040_Input-Variables-httpStatus" format="java">
      <types:shape format="raml" autogeneratedOrigin="09745a7c-fcca-4261-9350-393808700e29"><![CDATA[#%RAML 1.0 DataType
type: string]]></types:shape>
    </types:type>
    <types:type name="auto_712ba1b9-3be3-4f53-a03d-60c06e529040_Input-Variables-selectQuery" format="java">
      <types:shape format="raml" autogeneratedOrigin="09745a7c-fcca-4261-9350-393808700e29"><![CDATA[#%RAML 1.0 DataType
type: string]]></types:shape>
    </types:type>
    <types:type name="auto_712ba1b9-3be3-4f53-a03d-60c06e529040_Output-Payload" format="json">
      <types:shape format="weave" example="weave/autogenerated/712ba1b9-3be3-4f53-a03d-60c06e529040/Output-Payload.wev" autogeneratedOrigin="09745a7c-fcca-4261-9350-393808700e29"><![CDATA[%dw 2.0

type auto_712ba1b9_3be3_4f53_a03d_60c06e529040_Output_Payload = {
  firstName: String, 
  lastName: String, 
  addrese: {
    city: String, 
    street: String, 
    _?: Any
  }, 
  updated_at: String, 
  manager_id: Number, 
  dob: String, 
  initials: String, 
  ID?: Number, 
  email: String, 
  _?: Any
}

]]></types:shape>
    </types:type>
    <types:type name="auto_712ba1b9-3be3-4f53-a03d-60c06e529040_Output-Attributes" format="java">
      <types:shape format="weave" example="weave/autogenerated/712ba1b9-3be3-4f53-a03d-60c06e529040/Output-Attributes.wev" autogeneratedOrigin="09745a7c-fcca-4261-9350-393808700e29"><![CDATA[%dw 2.0

type auto_712ba1b9_3be3_4f53_a03d_60c06e529040_Output_Attributes = Null

]]></types:shape>
    </types:type>
    <types:type name="auto_712ba1b9-3be3-4f53-a03d-60c06e529040_Output-Variables-outboundHeaders" format="java">
      <types:shape format="weave" example="weave/autogenerated/712ba1b9-3be3-4f53-a03d-60c06e529040/Output-Variables-outboundHeaders.wev" autogeneratedOrigin="09745a7c-fcca-4261-9350-393808700e29"><![CDATA[%dw 2.0

type auto_712ba1b9_3be3_4f53_a03d_60c06e529040_Output_Variables_outboundHeaders = {|  |}

]]></types:shape>
    </types:type>
    <types:type name="auto_712ba1b9-3be3-4f53-a03d-60c06e529040_Output-Variables-httpStatus" format="java">
      <types:shape format="raml" autogeneratedOrigin="09745a7c-fcca-4261-9350-393808700e29"><![CDATA[#%RAML 1.0 DataType
type: string]]></types:shape>
    </types:type>
    <types:type name="auto_712ba1b9-3be3-4f53-a03d-60c06e529040_Output-Variables-inputParams" format="java">
      <types:shape format="raml" autogeneratedOrigin="09745a7c-fcca-4261-9350-393808700e29"><![CDATA[#%RAML 1.0 DataType
type: string]]></types:shape>
    </types:type>
    <types:type name="auto_712ba1b9-3be3-4f53-a03d-60c06e529040_Output-Variables-selectQuery" format="java">
      <types:shape format="raml" autogeneratedOrigin="09745a7c-fcca-4261-9350-393808700e29"><![CDATA[#%RAML 1.0 DataType
type: string]]></types:shape>
    </types:type>
    <types:type name="auto_1f234468-3ba9-49fe-a144-91f6431b1185_Input-Payload" format="java">
      <types:shape format="weave" example="weave/autogenerated/1f234468-3ba9-49fe-a144-91f6431b1185/Input-Payload.wev" autogeneratedOrigin="47ca7f0b-d079-40eb-860b-17369b01856b"><![CDATA[%dw 2.0

type auto_1f234468_3ba9_49fe_a144_91f6431b1185_Input_Payload = Any

]]></types:shape>
    </types:type>
    <types:type name="auto_1f234468-3ba9-49fe-a144-91f6431b1185_Input-Attributes" format="java">
      <types:shape format="weave" example="weave/autogenerated/1f234468-3ba9-49fe-a144-91f6431b1185/Input-Attributes.wev" autogeneratedOrigin="47ca7f0b-d079-40eb-860b-17369b01856b"><![CDATA[%dw 2.0

type auto_1f234468_3ba9_49fe_a144_91f6431b1185_Input_Attributes = {|
  clientCertificate?: {|
    publicKey?: {|  |}, 
    "type"?: String, 
    encoded?: Binary
  |}, 
  headers: {|  |}, 
  listenerPath: String, 
  method: String, 
  queryParams: {| email?: String |}, 
  queryString: String, 
  relativePath: String, 
  remoteAddress: String, 
  requestPath: String, 
  requestUri: String, 
  scheme: String, 
  uriParams: {|  |}, 
  version: String, 
  localAddress: String
|}

]]></types:shape>
    </types:type>
    <types:type name="auto_1f234468-3ba9-49fe-a144-91f6431b1185_Output-Payload" format="json">
      <types:shape format="weave" example="weave/autogenerated/1f234468-3ba9-49fe-a144-91f6431b1185/Output-Payload.wev" autogeneratedOrigin="47ca7f0b-d079-40eb-860b-17369b01856b"><![CDATA[%dw 2.0

type auto_1f234468_3ba9_49fe_a144_91f6431b1185_Output_Payload = Array<{  firstName: String,   lastName: String,   addrese: {    city: String,     street: String,     _?: Any  },   updated_at: String,   manager_id: Number,   dob: String,   initials: String,   ID?: Number,   email: String,   _?: Any}>

]]></types:shape>
    </types:type>
    <types:type name="auto_1f234468-3ba9-49fe-a144-91f6431b1185_Output-Attributes" format="java">
      <types:shape format="weave" example="weave/autogenerated/1f234468-3ba9-49fe-a144-91f6431b1185/Output-Attributes.wev" autogeneratedOrigin="47ca7f0b-d079-40eb-860b-17369b01856b"><![CDATA[%dw 2.0

type auto_1f234468_3ba9_49fe_a144_91f6431b1185_Output_Attributes = Null

]]></types:shape>
    </types:type>
    <types:type name="auto_1f234468-3ba9-49fe-a144-91f6431b1185_Output-Variables-outboundHeaders" format="java">
      <types:shape format="weave" example="weave/autogenerated/1f234468-3ba9-49fe-a144-91f6431b1185/Output-Variables-outboundHeaders.wev" autogeneratedOrigin="47ca7f0b-d079-40eb-860b-17369b01856b"><![CDATA[%dw 2.0

type auto_1f234468_3ba9_49fe_a144_91f6431b1185_Output_Variables_outboundHeaders = {|  |}

]]></types:shape>
    </types:type>
    <types:type name="auto_1f234468-3ba9-49fe-a144-91f6431b1185_Output-Variables-setEmail" format="java">
      <types:shape format="weave" example="weave/autogenerated/1f234468-3ba9-49fe-a144-91f6431b1185/Output-Variables-setEmail.wev" autogeneratedOrigin="47ca7f0b-d079-40eb-860b-17369b01856b"><![CDATA[%dw 2.0

type auto_1f234468_3ba9_49fe_a144_91f6431b1185_Output_Variables_setEmail = Any

]]></types:shape>
    </types:type>
    <types:type name="auto_1f234468-3ba9-49fe-a144-91f6431b1185_Output-Variables-successfulReponseMessage" format="java">
      <types:shape format="weave" example="weave/autogenerated/1f234468-3ba9-49fe-a144-91f6431b1185/Output-Variables-successfulReponseMessage.wev" autogeneratedOrigin="47ca7f0b-d079-40eb-860b-17369b01856b"><![CDATA[%dw 2.0

type auto_1f234468_3ba9_49fe_a144_91f6431b1185_Output_Variables_successfulReponseMessage = Array<{ _?: java_lang_Object }>
type java_lang_Object = {|  |} {"typeAlias": "Object",
"class": "java.lang.Object",
"typeId": "java.lang.Object"}



]]></types:shape>
    </types:type>
    <types:type name="auto_1f234468-3ba9-49fe-a144-91f6431b1185_Output-Variables-errorResponseMessage" format="java">
      <types:shape format="raml" autogeneratedOrigin="47ca7f0b-d079-40eb-860b-17369b01856b"><![CDATA[#%RAML 1.0 DataType
type: string]]></types:shape>
    </types:type>
    <types:type name="auto_1f234468-3ba9-49fe-a144-91f6431b1185_Output-Variables-httpStatus" format="java">
      <types:shape format="raml" autogeneratedOrigin="47ca7f0b-d079-40eb-860b-17369b01856b"><![CDATA[#%RAML 1.0 DataType
type: string]]></types:shape>
    </types:type>
    <types:type name="auto_1f234468-3ba9-49fe-a144-91f6431b1185_Output-Variables-inputParams" format="json">
      <types:shape format="weave" example="weave/autogenerated/1f234468-3ba9-49fe-a144-91f6431b1185/Output-Variables-inputParams.wev" autogeneratedOrigin="47ca7f0b-d079-40eb-860b-17369b01856b"><![CDATA[%dw 2.0

type auto_1f234468_3ba9_49fe_a144_91f6431b1185_Output_Variables_inputParams = {|
  email: String, 
  firstName: String, 
  lastName: String, 
  manager_id: Number, 
  street: String, 
  city: String, 
  dob: String, 
  updated_at: String, 
  initials: String
|}

]]></types:shape>
    </types:type>
    <types:type name="auto_1f234468-3ba9-49fe-a144-91f6431b1185_Output-Variables-id" format="java">
      <types:shape format="weave" example="weave/autogenerated/1f234468-3ba9-49fe-a144-91f6431b1185/Output-Variables-id.wev" autogeneratedOrigin="47ca7f0b-d079-40eb-860b-17369b01856b"><![CDATA[%dw 2.0

type auto_1f234468_3ba9_49fe_a144_91f6431b1185_Output_Variables_id = Null

]]></types:shape>
    </types:type>
    <types:type name="auto_1f234468-3ba9-49fe-a144-91f6431b1185_Output-Variables-payloadIfUserExists" format="java">
      <types:shape format="raml" autogeneratedOrigin="47ca7f0b-d079-40eb-860b-17369b01856b"><![CDATA[#%RAML 1.0 DataType
type: string]]></types:shape>
    </types:type>
    <types:type name="auto_1f234468-3ba9-49fe-a144-91f6431b1185_Output-Variables-selectQuery" format="java">
      <types:shape format="weave" example="weave/autogenerated/1f234468-3ba9-49fe-a144-91f6431b1185/Output-Variables-selectQuery.wev" autogeneratedOrigin="47ca7f0b-d079-40eb-860b-17369b01856b"><![CDATA[%dw 2.0

type auto_1f234468_3ba9_49fe_a144_91f6431b1185_Output_Variables_selectQuery = Any

]]></types:shape>
    </types:type>
    <types:type name="auto_1f234468-3ba9-49fe-a144-91f6431b1185_Output-Variables-email" format="java">
      <types:shape format="weave" example="weave/autogenerated/1f234468-3ba9-49fe-a144-91f6431b1185/Output-Variables-email.wev" autogeneratedOrigin="47ca7f0b-d079-40eb-860b-17369b01856b"><![CDATA[%dw 2.0

type auto_1f234468_3ba9_49fe_a144_91f6431b1185_Output_Variables_email = Any

]]></types:shape>
    </types:type>
    <types:type name="auto_35016f81-ec63-4a65-9923-b8b94f89d9e7_Input-Payload" format="json">
      <types:shape format="weave" autogeneratedOrigin="2154129e-8857-47ef-b61a-90b9dd906bb7"><![CDATA[%dw 2.0

type auto_35016f81_ec63_4a65_9923_b8b94f89d9e7_Input_Payload = {| message?: String |} {"example": "{\\\"message\\\":\\\"user successfully updated!\\\"}"}

]]></types:shape>
    </types:type>
    <types:type name="auto_35016f81-ec63-4a65-9923-b8b94f89d9e7_Input-Attributes" format="java">
      <types:shape format="weave" example="weave/autogenerated/35016f81-ec63-4a65-9923-b8b94f89d9e7/Input-Attributes.wev" autogeneratedOrigin="2154129e-8857-47ef-b61a-90b9dd906bb7"><![CDATA[%dw 2.0

type auto_35016f81_ec63_4a65_9923_b8b94f89d9e7_Input_Attributes = Null

]]></types:shape>
    </types:type>
    <types:type name="auto_35016f81-ec63-4a65-9923-b8b94f89d9e7_Input-Variables-outboundHeaders" format="java">
      <types:shape format="weave" example="weave/autogenerated/35016f81-ec63-4a65-9923-b8b94f89d9e7/Input-Variables-outboundHeaders.wev" autogeneratedOrigin="2154129e-8857-47ef-b61a-90b9dd906bb7"><![CDATA[%dw 2.0

type auto_35016f81_ec63_4a65_9923_b8b94f89d9e7_Input_Variables_outboundHeaders = {|  |}

]]></types:shape>
    </types:type>
    <types:type name="auto_35016f81-ec63-4a65-9923-b8b94f89d9e7_Input-Variables-successfulReponseMessage" format="java">
      <types:shape format="weave" example="weave/autogenerated/35016f81-ec63-4a65-9923-b8b94f89d9e7/Input-Variables-successfulReponseMessage.wev" autogeneratedOrigin="2154129e-8857-47ef-b61a-90b9dd906bb7"><![CDATA[%dw 2.0

type auto_35016f81_ec63_4a65_9923_b8b94f89d9e7_Input_Variables_successfulReponseMessage = Array<{ _?: java_lang_Object }>
type java_lang_Object = {|  |} {"typeAlias": "Object",
"class": "java.lang.Object",
"typeId": "java.lang.Object"}



]]></types:shape>
    </types:type>
    <types:type name="auto_35016f81-ec63-4a65-9923-b8b94f89d9e7_Input-Variables-errorResponseMessage" format="java">
      <types:shape format="raml" autogeneratedOrigin="2154129e-8857-47ef-b61a-90b9dd906bb7"><![CDATA[#%RAML 1.0 DataType
type: string]]></types:shape>
    </types:type>
    <types:type name="auto_35016f81-ec63-4a65-9923-b8b94f89d9e7_Input-Variables-httpStatus" format="java">
      <types:shape format="raml" autogeneratedOrigin="2154129e-8857-47ef-b61a-90b9dd906bb7"><![CDATA[#%RAML 1.0 DataType
type: string]]></types:shape>
    </types:type>
    <types:type name="auto_35016f81-ec63-4a65-9923-b8b94f89d9e7_Input-Variables-inputParams" format="json">
      <types:shape format="weave" example="weave/autogenerated/35016f81-ec63-4a65-9923-b8b94f89d9e7/Input-Variables-inputParams.wev" autogeneratedOrigin="2154129e-8857-47ef-b61a-90b9dd906bb7"><![CDATA[%dw 2.0

type auto_35016f81_ec63_4a65_9923_b8b94f89d9e7_Input_Variables_inputParams = {|
  email: String, 
  firstName: String, 
  lastName: String, 
  manager_id: Number, 
  street: String, 
  city: String, 
  dob: String, 
  updated_at: String, 
  initials: String
|}

]]></types:shape>
    </types:type>
    <types:type name="auto_35016f81-ec63-4a65-9923-b8b94f89d9e7_Input-Variables-id" format="java">
      <types:shape format="weave" example="weave/autogenerated/35016f81-ec63-4a65-9923-b8b94f89d9e7/Input-Variables-id.wev" autogeneratedOrigin="2154129e-8857-47ef-b61a-90b9dd906bb7"><![CDATA[%dw 2.0

type auto_35016f81_ec63_4a65_9923_b8b94f89d9e7_Input_Variables_id = Null

]]></types:shape>
    </types:type>
    <types:type name="auto_35016f81-ec63-4a65-9923-b8b94f89d9e7_Input-Variables-payloadIfUserExists" format="java">
      <types:shape format="raml" autogeneratedOrigin="2154129e-8857-47ef-b61a-90b9dd906bb7"><![CDATA[#%RAML 1.0 DataType
type: string]]></types:shape>
    </types:type>
    <types:type name="auto_35016f81-ec63-4a65-9923-b8b94f89d9e7_Input-Variables-selectQuery" format="java">
      <types:shape format="weave" example="weave/autogenerated/35016f81-ec63-4a65-9923-b8b94f89d9e7/Input-Variables-selectQuery.wev" autogeneratedOrigin="2154129e-8857-47ef-b61a-90b9dd906bb7"><![CDATA[%dw 2.0

type auto_35016f81_ec63_4a65_9923_b8b94f89d9e7_Input_Variables_selectQuery = Any

]]></types:shape>
    </types:type>
    <types:type name="auto_35016f81-ec63-4a65-9923-b8b94f89d9e7_Output-Payload" format="java">
      <types:shape format="weave" example="weave/autogenerated/35016f81-ec63-4a65-9923-b8b94f89d9e7/Output-Payload.wev" autogeneratedOrigin="2154129e-8857-47ef-b61a-90b9dd906bb7"><![CDATA[%dw 2.0

type auto_35016f81_ec63_4a65_9923_b8b94f89d9e7_Output_Payload = Array<{|  ID: Number {"typeId": "int"},   email: String,   firstName: String,   lastName: String,   manager_id: Number {"typeId": "int"},   dob: String,   updated_at: String,   initials: String,   addrese: {|    street: Null,     city: Null  |}|}>

]]></types:shape>
    </types:type>
    <types:type name="auto_35016f81-ec63-4a65-9923-b8b94f89d9e7_Output-Attributes" format="java">
      <types:shape format="weave" example="weave/autogenerated/35016f81-ec63-4a65-9923-b8b94f89d9e7/Output-Attributes.wev" autogeneratedOrigin="2154129e-8857-47ef-b61a-90b9dd906bb7"><![CDATA[%dw 2.0

type auto_35016f81_ec63_4a65_9923_b8b94f89d9e7_Output_Attributes = Null

]]></types:shape>
    </types:type>
    <types:type name="auto_35016f81-ec63-4a65-9923-b8b94f89d9e7_Output-Variables-outboundHeaders" format="java">
      <types:shape format="weave" example="weave/autogenerated/35016f81-ec63-4a65-9923-b8b94f89d9e7/Output-Variables-outboundHeaders.wev" autogeneratedOrigin="2154129e-8857-47ef-b61a-90b9dd906bb7"><![CDATA[%dw 2.0

type auto_35016f81_ec63_4a65_9923_b8b94f89d9e7_Output_Variables_outboundHeaders = {|  |}

]]></types:shape>
    </types:type>
    <types:type name="auto_35016f81-ec63-4a65-9923-b8b94f89d9e7_Output-Variables-successfulReponseMessage" format="java">
      <types:shape format="weave" example="weave/autogenerated/35016f81-ec63-4a65-9923-b8b94f89d9e7/Output-Variables-successfulReponseMessage.wev" autogeneratedOrigin="2154129e-8857-47ef-b61a-90b9dd906bb7"><![CDATA[%dw 2.0

type auto_35016f81_ec63_4a65_9923_b8b94f89d9e7_Output_Variables_successfulReponseMessage = Array<{ _?: java_lang_Object }>
type java_lang_Object = {|  |} {"typeAlias": "Object",
"class": "java.lang.Object",
"typeId": "java.lang.Object"}



]]></types:shape>
    </types:type>
    <types:type name="auto_35016f81-ec63-4a65-9923-b8b94f89d9e7_Output-Variables-errorResponseMessage" format="java">
      <types:shape format="raml" autogeneratedOrigin="2154129e-8857-47ef-b61a-90b9dd906bb7"><![CDATA[#%RAML 1.0 DataType
type: string]]></types:shape>
    </types:type>
    <types:type name="auto_35016f81-ec63-4a65-9923-b8b94f89d9e7_Output-Variables-httpStatus" format="java">
      <types:shape format="raml" autogeneratedOrigin="2154129e-8857-47ef-b61a-90b9dd906bb7"><![CDATA[#%RAML 1.0 DataType
type: string]]></types:shape>
    </types:type>
    <types:type name="auto_35016f81-ec63-4a65-9923-b8b94f89d9e7_Output-Variables-inputParams" format="json">
      <types:shape format="weave" example="weave/autogenerated/35016f81-ec63-4a65-9923-b8b94f89d9e7/Output-Variables-inputParams.wev" autogeneratedOrigin="2154129e-8857-47ef-b61a-90b9dd906bb7"><![CDATA[%dw 2.0

type auto_35016f81_ec63_4a65_9923_b8b94f89d9e7_Output_Variables_inputParams = {|
  email: String, 
  firstName: String, 
  lastName: String, 
  manager_id: Number, 
  street: String, 
  city: String, 
  dob: String, 
  updated_at: String, 
  initials: String
|}

]]></types:shape>
    </types:type>
    <types:type name="auto_35016f81-ec63-4a65-9923-b8b94f89d9e7_Output-Variables-id" format="java">
      <types:shape format="weave" example="weave/autogenerated/35016f81-ec63-4a65-9923-b8b94f89d9e7/Output-Variables-id.wev" autogeneratedOrigin="2154129e-8857-47ef-b61a-90b9dd906bb7"><![CDATA[%dw 2.0

type auto_35016f81_ec63_4a65_9923_b8b94f89d9e7_Output_Variables_id = Null

]]></types:shape>
    </types:type>
    <types:type name="auto_35016f81-ec63-4a65-9923-b8b94f89d9e7_Output-Variables-payloadIfUserExists" format="java">
      <types:shape format="raml" autogeneratedOrigin="2154129e-8857-47ef-b61a-90b9dd906bb7"><![CDATA[#%RAML 1.0 DataType
type: string]]></types:shape>
    </types:type>
    <types:type name="auto_35016f81-ec63-4a65-9923-b8b94f89d9e7_Output-Variables-selectQuery" format="java">
      <types:shape format="weave" example="weave/autogenerated/35016f81-ec63-4a65-9923-b8b94f89d9e7/Output-Variables-selectQuery.wev" autogeneratedOrigin="2154129e-8857-47ef-b61a-90b9dd906bb7"><![CDATA[%dw 2.0

type auto_35016f81_ec63_4a65_9923_b8b94f89d9e7_Output_Variables_selectQuery = Any

]]></types:shape>
    </types:type>
    <types:type name="auto_e54bd161-47b4-4bc0-859b-cbbcf5269b7e_Input-Payload" format="java">
      <types:shape format="weave" example="weave/autogenerated/e54bd161-47b4-4bc0-859b-cbbcf5269b7e/Input-Payload.wev" autogeneratedOrigin="abde6d7d-bc3e-4ff6-a2f7-a3b63f4027e8"><![CDATA[%dw 2.0

type auto_e54bd161_47b4_4bc0_859b_cbbcf5269b7e_Input_Payload = Array<{ _?: java_lang_Object }>
type java_lang_Object = {|  |} {"typeAlias": "Object",
"class": "java.lang.Object",
"typeId": "java.lang.Object"}



]]></types:shape>
    </types:type>
    <types:type name="auto_e54bd161-47b4-4bc0-859b-cbbcf5269b7e_Input-Attributes" format="java">
      <types:shape format="weave" example="weave/autogenerated/e54bd161-47b4-4bc0-859b-cbbcf5269b7e/Input-Attributes.wev" autogeneratedOrigin="abde6d7d-bc3e-4ff6-a2f7-a3b63f4027e8"><![CDATA[%dw 2.0

type auto_e54bd161_47b4_4bc0_859b_cbbcf5269b7e_Input_Attributes = Null

]]></types:shape>
    </types:type>
    <types:type name="auto_e54bd161-47b4-4bc0-859b-cbbcf5269b7e_Input-Variables-outboundHeaders" format="java">
      <types:shape format="weave" example="weave/autogenerated/e54bd161-47b4-4bc0-859b-cbbcf5269b7e/Input-Variables-outboundHeaders.wev" autogeneratedOrigin="abde6d7d-bc3e-4ff6-a2f7-a3b63f4027e8"><![CDATA[%dw 2.0

type auto_e54bd161_47b4_4bc0_859b_cbbcf5269b7e_Input_Variables_outboundHeaders = {|  |}

]]></types:shape>
    </types:type>
    <types:type name="auto_e54bd161-47b4-4bc0-859b-cbbcf5269b7e_Input-Variables-createQuery" format="json">
      <types:shape format="weave" example="weave/autogenerated/e54bd161-47b4-4bc0-859b-cbbcf5269b7e/Input-Variables-createQuery.wev" autogeneratedOrigin="abde6d7d-bc3e-4ff6-a2f7-a3b63f4027e8"><![CDATA[%dw 2.0

type auto_e54bd161_47b4_4bc0_859b_cbbcf5269b7e_Input_Variables_createQuery = String

]]></types:shape>
    </types:type>
    <types:type name="auto_e54bd161-47b4-4bc0-859b-cbbcf5269b7e_Input-Variables-httpStatus" format="java">
      <types:shape format="raml" autogeneratedOrigin="abde6d7d-bc3e-4ff6-a2f7-a3b63f4027e8"><![CDATA[#%RAML 1.0 DataType
type: string]]></types:shape>
    </types:type>
    <types:type name="auto_e54bd161-47b4-4bc0-859b-cbbcf5269b7e_Input-Variables-inputParams" format="java">
      <types:shape format="raml" autogeneratedOrigin="abde6d7d-bc3e-4ff6-a2f7-a3b63f4027e8"><![CDATA[#%RAML 1.0 DataType
type: string]]></types:shape>
    </types:type>
    <types:type name="auto_e54bd161-47b4-4bc0-859b-cbbcf5269b7e_Input-Variables-selectQuery" format="java">
      <types:shape format="raml" autogeneratedOrigin="abde6d7d-bc3e-4ff6-a2f7-a3b63f4027e8"><![CDATA[#%RAML 1.0 DataType
type: string]]></types:shape>
    </types:type>
    <types:type name="auto_e54bd161-47b4-4bc0-859b-cbbcf5269b7e_Output-Payload" format="json">
      <types:shape format="weave" example="weave/autogenerated/e54bd161-47b4-4bc0-859b-cbbcf5269b7e/Output-Payload.wev" autogeneratedOrigin="abde6d7d-bc3e-4ff6-a2f7-a3b63f4027e8"><![CDATA[%dw 2.0

type auto_e54bd161_47b4_4bc0_859b_cbbcf5269b7e_Output_Payload = {| message: String |}

]]></types:shape>
    </types:type>
    <types:type name="auto_e54bd161-47b4-4bc0-859b-cbbcf5269b7e_Output-Attributes" format="java">
      <types:shape format="weave" example="weave/autogenerated/e54bd161-47b4-4bc0-859b-cbbcf5269b7e/Output-Attributes.wev" autogeneratedOrigin="abde6d7d-bc3e-4ff6-a2f7-a3b63f4027e8"><![CDATA[%dw 2.0

type auto_e54bd161_47b4_4bc0_859b_cbbcf5269b7e_Output_Attributes = Null

]]></types:shape>
    </types:type>
    <types:type name="auto_e54bd161-47b4-4bc0-859b-cbbcf5269b7e_Output-Variables-outboundHeaders" format="java">
      <types:shape format="weave" example="weave/autogenerated/e54bd161-47b4-4bc0-859b-cbbcf5269b7e/Output-Variables-outboundHeaders.wev" autogeneratedOrigin="abde6d7d-bc3e-4ff6-a2f7-a3b63f4027e8"><![CDATA[%dw 2.0

type auto_e54bd161_47b4_4bc0_859b_cbbcf5269b7e_Output_Variables_outboundHeaders = {|  |}

]]></types:shape>
    </types:type>
    <types:type name="auto_e54bd161-47b4-4bc0-859b-cbbcf5269b7e_Output-Variables-createQuery" format="json">
      <types:shape format="weave" example="weave/autogenerated/e54bd161-47b4-4bc0-859b-cbbcf5269b7e/Output-Variables-createQuery.wev" autogeneratedOrigin="abde6d7d-bc3e-4ff6-a2f7-a3b63f4027e8"><![CDATA[%dw 2.0

type auto_e54bd161_47b4_4bc0_859b_cbbcf5269b7e_Output_Variables_createQuery = String

]]></types:shape>
    </types:type>
    <types:type name="auto_e54bd161-47b4-4bc0-859b-cbbcf5269b7e_Output-Variables-httpStatus" format="java">
      <types:shape format="raml" autogeneratedOrigin="abde6d7d-bc3e-4ff6-a2f7-a3b63f4027e8"><![CDATA[#%RAML 1.0 DataType
type: string]]></types:shape>
    </types:type>
    <types:type name="auto_e54bd161-47b4-4bc0-859b-cbbcf5269b7e_Output-Variables-inputParams" format="java">
      <types:shape format="raml" autogeneratedOrigin="abde6d7d-bc3e-4ff6-a2f7-a3b63f4027e8"><![CDATA[#%RAML 1.0 DataType
type: string]]></types:shape>
    </types:type>
    <types:type name="auto_e54bd161-47b4-4bc0-859b-cbbcf5269b7e_Output-Variables-statusMessage" format="json">
      <types:shape format="weave" example="weave/autogenerated/e54bd161-47b4-4bc0-859b-cbbcf5269b7e/Output-Variables-statusMessage.wev" autogeneratedOrigin="abde6d7d-bc3e-4ff6-a2f7-a3b63f4027e8"><![CDATA[%dw 2.0

type auto_e54bd161_47b4_4bc0_859b_cbbcf5269b7e_Output_Variables_statusMessage = {| message: String |}

]]></types:shape>
    </types:type>
    <types:type name="auto_e54bd161-47b4-4bc0-859b-cbbcf5269b7e_Output-Variables-selectQuery" format="java">
      <types:shape format="raml" autogeneratedOrigin="abde6d7d-bc3e-4ff6-a2f7-a3b63f4027e8"><![CDATA[#%RAML 1.0 DataType
type: string]]></types:shape>
    </types:type>
    <types:type name="auto_cdb4ca1d-4b19-4e0c-abce-24245253d6b0_Input-Payload" format="java">
      <types:shape format="weave" example="weave/autogenerated/cdb4ca1d-4b19-4e0c-abce-24245253d6b0/Input-Payload.wev" autogeneratedOrigin="9f35af47-51b7-4797-b76b-f1c4e4f3ae8d"><![CDATA[%dw 2.0

type auto_cdb4ca1d_4b19_4e0c_abce_24245253d6b0_Input_Payload = Array<{ _?: java_lang_Object }>
type java_lang_Object = {|  |} {"typeAlias": "Object",
"class": "java.lang.Object",
"typeId": "java.lang.Object"}



]]></types:shape>
    </types:type>
    <types:type name="auto_cdb4ca1d-4b19-4e0c-abce-24245253d6b0_Input-Attributes" format="java">
      <types:shape format="weave" example="weave/autogenerated/cdb4ca1d-4b19-4e0c-abce-24245253d6b0/Input-Attributes.wev" autogeneratedOrigin="9f35af47-51b7-4797-b76b-f1c4e4f3ae8d"><![CDATA[%dw 2.0

type auto_cdb4ca1d_4b19_4e0c_abce_24245253d6b0_Input_Attributes = Null

]]></types:shape>
    </types:type>
    <types:type name="auto_cdb4ca1d-4b19-4e0c-abce-24245253d6b0_Input-Variables-selectQuery" format="java">
      <types:shape format="weave" example="weave/autogenerated/cdb4ca1d-4b19-4e0c-abce-24245253d6b0/Input-Variables-selectQuery.wev" autogeneratedOrigin="9f35af47-51b7-4797-b76b-f1c4e4f3ae8d"><![CDATA[%dw 2.0

type auto_cdb4ca1d_4b19_4e0c_abce_24245253d6b0_Input_Variables_selectQuery = Any

]]></types:shape>
    </types:type>
    <types:type name="auto_cdb4ca1d-4b19-4e0c-abce-24245253d6b0_Input-Variables-email" format="java">
      <types:shape format="weave" example="weave/autogenerated/cdb4ca1d-4b19-4e0c-abce-24245253d6b0/Input-Variables-email.wev" autogeneratedOrigin="9f35af47-51b7-4797-b76b-f1c4e4f3ae8d"><![CDATA[%dw 2.0

type auto_cdb4ca1d_4b19_4e0c_abce_24245253d6b0_Input_Variables_email = Any

]]></types:shape>
    </types:type>
    <types:type name="auto_cdb4ca1d-4b19-4e0c-abce-24245253d6b0_Input-Variables-setEmail" format="java">
      <types:shape format="weave" example="weave/autogenerated/cdb4ca1d-4b19-4e0c-abce-24245253d6b0/Input-Variables-setEmail.wev" autogeneratedOrigin="9f35af47-51b7-4797-b76b-f1c4e4f3ae8d"><![CDATA[%dw 2.0

type auto_cdb4ca1d_4b19_4e0c_abce_24245253d6b0_Input_Variables_setEmail = Any

]]></types:shape>
    </types:type>
    <types:type name="auto_cdb4ca1d-4b19-4e0c-abce-24245253d6b0_Output-Payload" format="json">
      <types:shape format="weave" example="weave/autogenerated/cdb4ca1d-4b19-4e0c-abce-24245253d6b0/Output-Payload.wev" autogeneratedOrigin="9f35af47-51b7-4797-b76b-f1c4e4f3ae8d"><![CDATA[%dw 2.0

type auto_cdb4ca1d_4b19_4e0c_abce_24245253d6b0_Output_Payload = Array<{  firstName: String,   lastName: String,   addrese: {    city: String,     street: String,     _?: Any  },   updated_at: String,   manager_id: Number,   dob: String,   initials: String,   ID?: Number,   email: String,   _?: Any}>

]]></types:shape>
    </types:type>
    <types:type name="auto_cdb4ca1d-4b19-4e0c-abce-24245253d6b0_Output-Attributes" format="java">
      <types:shape format="weave" example="weave/autogenerated/cdb4ca1d-4b19-4e0c-abce-24245253d6b0/Output-Attributes.wev" autogeneratedOrigin="9f35af47-51b7-4797-b76b-f1c4e4f3ae8d"><![CDATA[%dw 2.0

type auto_cdb4ca1d_4b19_4e0c_abce_24245253d6b0_Output_Attributes = Null

]]></types:shape>
    </types:type>
    <types:type name="auto_cdb4ca1d-4b19-4e0c-abce-24245253d6b0_Output-Variables-outboundHeaders" format="java">
      <types:shape format="weave" example="weave/autogenerated/cdb4ca1d-4b19-4e0c-abce-24245253d6b0/Output-Variables-outboundHeaders.wev" autogeneratedOrigin="9f35af47-51b7-4797-b76b-f1c4e4f3ae8d"><![CDATA[%dw 2.0

type auto_cdb4ca1d_4b19_4e0c_abce_24245253d6b0_Output_Variables_outboundHeaders = {|  |}

]]></types:shape>
    </types:type>
    <types:type name="auto_cdb4ca1d-4b19-4e0c-abce-24245253d6b0_Output-Variables-successfulReponseMessage" format="java">
      <types:shape format="weave" example="weave/autogenerated/cdb4ca1d-4b19-4e0c-abce-24245253d6b0/Output-Variables-successfulReponseMessage.wev" autogeneratedOrigin="9f35af47-51b7-4797-b76b-f1c4e4f3ae8d"><![CDATA[%dw 2.0

type auto_cdb4ca1d_4b19_4e0c_abce_24245253d6b0_Output_Variables_successfulReponseMessage = Array<{ _?: java_lang_Object }>
type java_lang_Object = {|  |} {"typeAlias": "Object",
"class": "java.lang.Object",
"typeId": "java.lang.Object"}



]]></types:shape>
    </types:type>
    <types:type name="auto_cdb4ca1d-4b19-4e0c-abce-24245253d6b0_Output-Variables-errorResponseMessage" format="java">
      <types:shape format="raml" autogeneratedOrigin="9f35af47-51b7-4797-b76b-f1c4e4f3ae8d"><![CDATA[#%RAML 1.0 DataType
type: string]]></types:shape>
    </types:type>
    <types:type name="auto_cdb4ca1d-4b19-4e0c-abce-24245253d6b0_Output-Variables-httpStatus" format="java">
      <types:shape format="raml" autogeneratedOrigin="9f35af47-51b7-4797-b76b-f1c4e4f3ae8d"><![CDATA[#%RAML 1.0 DataType
type: string]]></types:shape>
    </types:type>
    <types:type name="auto_cdb4ca1d-4b19-4e0c-abce-24245253d6b0_Output-Variables-inputParams" format="json">
      <types:shape format="weave" example="weave/autogenerated/cdb4ca1d-4b19-4e0c-abce-24245253d6b0/Output-Variables-inputParams.wev" autogeneratedOrigin="9f35af47-51b7-4797-b76b-f1c4e4f3ae8d"><![CDATA[%dw 2.0

type auto_cdb4ca1d_4b19_4e0c_abce_24245253d6b0_Output_Variables_inputParams = {|
  email: String, 
  firstName: String, 
  lastName: String, 
  manager_id: Number, 
  street: String, 
  city: String, 
  dob: String, 
  updated_at: String, 
  initials: String
|}]]></types:shape>
    </types:type>
    <types:type name="auto_cdb4ca1d-4b19-4e0c-abce-24245253d6b0_Output-Variables-id" format="java">
      <types:shape format="weave" example="weave/autogenerated/cdb4ca1d-4b19-4e0c-abce-24245253d6b0/Output-Variables-id.wev" autogeneratedOrigin="9f35af47-51b7-4797-b76b-f1c4e4f3ae8d"><![CDATA[%dw 2.0

type auto_cdb4ca1d_4b19_4e0c_abce_24245253d6b0_Output_Variables_id = Null

]]></types:shape>
    </types:type>
    <types:type name="auto_cdb4ca1d-4b19-4e0c-abce-24245253d6b0_Output-Variables-payloadIfUserExists" format="java">
      <types:shape format="raml" autogeneratedOrigin="9f35af47-51b7-4797-b76b-f1c4e4f3ae8d"><![CDATA[#%RAML 1.0 DataType
type: string]]></types:shape>
    </types:type>
    <types:type name="auto_cdb4ca1d-4b19-4e0c-abce-24245253d6b0_Output-Variables-selectQuery" format="java">
      <types:shape format="weave" example="weave/autogenerated/cdb4ca1d-4b19-4e0c-abce-24245253d6b0/Output-Variables-selectQuery.wev" autogeneratedOrigin="9f35af47-51b7-4797-b76b-f1c4e4f3ae8d"><![CDATA[%dw 2.0

type auto_cdb4ca1d_4b19_4e0c_abce_24245253d6b0_Output_Variables_selectQuery = Any

]]></types:shape>
    </types:type>
    <types:type name="auto_cdb4ca1d-4b19-4e0c-abce-24245253d6b0_Output-Variables-email" format="java">
      <types:shape format="weave" example="weave/autogenerated/cdb4ca1d-4b19-4e0c-abce-24245253d6b0/Output-Variables-email.wev" autogeneratedOrigin="9f35af47-51b7-4797-b76b-f1c4e4f3ae8d"><![CDATA[%dw 2.0

type auto_cdb4ca1d_4b19_4e0c_abce_24245253d6b0_Output_Variables_email = Any

]]></types:shape>
    </types:type>
    <types:type name="auto_cdb4ca1d-4b19-4e0c-abce-24245253d6b0_Output-Variables-setEmail" format="java">
      <types:shape format="weave" example="weave/autogenerated/cdb4ca1d-4b19-4e0c-abce-24245253d6b0/Output-Variables-setEmail.wev" autogeneratedOrigin="9f35af47-51b7-4797-b76b-f1c4e4f3ae8d"><![CDATA[%dw 2.0

type auto_cdb4ca1d_4b19_4e0c_abce_24245253d6b0_Output_Variables_setEmail = Any

]]></types:shape>
    </types:type>
    <types:type name="auto_bb8cf5c9-84de-4ac8-ae5b-e09f674a116a_Output-Variables-httpStatus" format="java">
      <types:shape format="raml" autogeneratedOrigin="02f461fd-af73-400e-a8a6-2172675b2f14"><![CDATA[#%RAML 1.0 DataType
type: string]]></types:shape>
    </types:type>
    <types:type name="auto_bb8cf5c9-84de-4ac8-ae5b-e09f674a116a_Output-Variables-inputParams" format="java">
      <types:shape format="raml" autogeneratedOrigin="02f461fd-af73-400e-a8a6-2172675b2f14"><![CDATA[#%RAML 1.0 DataType
type: string]]></types:shape>
    </types:type>
    <types:type name="auto_bb8cf5c9-84de-4ac8-ae5b-e09f674a116a_Output-Variables-selectQuery" format="java">
      <types:shape format="raml" autogeneratedOrigin="02f461fd-af73-400e-a8a6-2172675b2f14"><![CDATA[#%RAML 1.0 DataType
type: string]]></types:shape>
    </types:type>
    <types:type name="auto_18c604ea-5005-44ac-9e4c-a703b5ef00f6_Input-Payload" format="json">
      <types:shape format="weave" example="weave/autogenerated/18c604ea-5005-44ac-9e4c-a703b5ef00f6/Input-Payload.wev" autogeneratedOrigin="06447868-6c00-48bf-894e-b5a635226b5a"><![CDATA[%dw 2.0

type auto_18c604ea_5005_44ac_9e4c_a703b5ef00f6_Input_Payload = { _?: Any }

]]></types:shape>
    </types:type>
    <types:type name="auto_18c604ea-5005-44ac-9e4c-a703b5ef00f6_Input-Attributes" format="java">
      <types:shape format="weave" example="weave/autogenerated/18c604ea-5005-44ac-9e4c-a703b5ef00f6/Input-Attributes.wev" autogeneratedOrigin="06447868-6c00-48bf-894e-b5a635226b5a"><![CDATA[%dw 2.0

type auto_18c604ea_5005_44ac_9e4c_a703b5ef00f6_Input_Attributes = {| uriParams: {| ID: Number |} |}

]]></types:shape>
    </types:type>
    <types:type name="auto_18c604ea-5005-44ac-9e4c-a703b5ef00f6_Output-Payload" format="json">
      <types:shape format="weave" example="weave/autogenerated/18c604ea-5005-44ac-9e4c-a703b5ef00f6/Output-Payload.wev" autogeneratedOrigin="06447868-6c00-48bf-894e-b5a635226b5a"><![CDATA[%dw 2.0

type auto_18c604ea_5005_44ac_9e4c_a703b5ef00f6_Output_Payload = {| message: String |}

]]></types:shape>
    </types:type>
    <types:type name="auto_18c604ea-5005-44ac-9e4c-a703b5ef00f6_Output-Attributes" format="java">
      <types:shape format="weave" example="weave/autogenerated/18c604ea-5005-44ac-9e4c-a703b5ef00f6/Output-Attributes.wev" autogeneratedOrigin="06447868-6c00-48bf-894e-b5a635226b5a"><![CDATA[%dw 2.0

type auto_18c604ea_5005_44ac_9e4c_a703b5ef00f6_Output_Attributes = Null

]]></types:shape>
    </types:type>
    <types:type name="auto_18c604ea-5005-44ac-9e4c-a703b5ef00f6_Output-Variables-outboundHeaders" format="java">
      <types:shape format="weave" example="weave/autogenerated/18c604ea-5005-44ac-9e4c-a703b5ef00f6/Output-Variables-outboundHeaders.wev" autogeneratedOrigin="06447868-6c00-48bf-894e-b5a635226b5a"><![CDATA[%dw 2.0

type auto_18c604ea_5005_44ac_9e4c_a703b5ef00f6_Output_Variables_outboundHeaders = {|  |}

]]></types:shape>
    </types:type>
    <types:type name="auto_18c604ea-5005-44ac-9e4c-a703b5ef00f6_Output-Variables-updateQuery" format="java">
      <types:shape format="weave" example="weave/autogenerated/18c604ea-5005-44ac-9e4c-a703b5ef00f6/Output-Variables-updateQuery.wev" autogeneratedOrigin="06447868-6c00-48bf-894e-b5a635226b5a"><![CDATA[%dw 2.0

type auto_18c604ea_5005_44ac_9e4c_a703b5ef00f6_Output_Variables_updateQuery = Any

]]></types:shape>
    </types:type>
    <types:type name="auto_18c604ea-5005-44ac-9e4c-a703b5ef00f6_Output-Variables-successfulReponseMessage" format="java">
      <types:shape format="weave" example="weave/autogenerated/18c604ea-5005-44ac-9e4c-a703b5ef00f6/Output-Variables-successfulReponseMessage.wev" autogeneratedOrigin="06447868-6c00-48bf-894e-b5a635226b5a"><![CDATA[%dw 2.0

type auto_18c604ea_5005_44ac_9e4c_a703b5ef00f6_Output_Variables_successfulReponseMessage = Array<{ _?: java_lang_Object }>
type java_lang_Object = {|  |} {"typeAlias": "Object",
"class": "java.lang.Object",
"typeId": "java.lang.Object"}



]]></types:shape>
    </types:type>
    <types:type name="auto_18c604ea-5005-44ac-9e4c-a703b5ef00f6_Output-Variables-errorResponseMessage" format="java">
      <types:shape format="raml" autogeneratedOrigin="06447868-6c00-48bf-894e-b5a635226b5a"><![CDATA[#%RAML 1.0 DataType
type: string]]></types:shape>
    </types:type>
    <types:type name="auto_18c604ea-5005-44ac-9e4c-a703b5ef00f6_Output-Variables-httpStatus" format="java">
      <types:shape format="raml" autogeneratedOrigin="06447868-6c00-48bf-894e-b5a635226b5a"><![CDATA[#%RAML 1.0 DataType
type: string]]></types:shape>
    </types:type>
    <types:type name="auto_18c604ea-5005-44ac-9e4c-a703b5ef00f6_Output-Variables-inputParams" format="json">
      <types:shape format="weave" example="weave/autogenerated/18c604ea-5005-44ac-9e4c-a703b5ef00f6/Output-Variables-inputParams.wev" autogeneratedOrigin="06447868-6c00-48bf-894e-b5a635226b5a"><![CDATA[%dw 2.0

type auto_18c604ea_5005_44ac_9e4c_a703b5ef00f6_Output_Variables_inputParams = {|
  email: String, 
  firstName: String, 
  lastName: String, 
  manager_id: Number, 
  street: String, 
  city: String, 
  dob: String, 
  updated_at: String, 
  initials: String
|}

]]></types:shape>
    </types:type>
    <types:type name="auto_18c604ea-5005-44ac-9e4c-a703b5ef00f6_Output-Variables-id" format="java">
      <types:shape format="weave" example="weave/autogenerated/18c604ea-5005-44ac-9e4c-a703b5ef00f6/Output-Variables-id.wev" autogeneratedOrigin="06447868-6c00-48bf-894e-b5a635226b5a"><![CDATA[%dw 2.0

type auto_18c604ea_5005_44ac_9e4c_a703b5ef00f6_Output_Variables_id = Null

]]></types:shape>
    </types:type>
    <types:type name="auto_18c604ea-5005-44ac-9e4c-a703b5ef00f6_Output-Variables-payloadIfUserExists" format="java">
      <types:shape format="raml" autogeneratedOrigin="06447868-6c00-48bf-894e-b5a635226b5a"><![CDATA[#%RAML 1.0 DataType
type: string]]></types:shape>
    </types:type>
    <types:type name="auto_18c604ea-5005-44ac-9e4c-a703b5ef00f6_Output-Variables-selectQuery" format="java">
      <types:shape format="raml" autogeneratedOrigin="06447868-6c00-48bf-894e-b5a635226b5a"><![CDATA[#%RAML 1.0 DataType
type: string]]></types:shape>
    </types:type>
    <types:type name="auto_98526f50-f2d5-48af-8dae-f02820de1b08_Input-Payload" format="java">
      <types:shape format="weave" example="weave/autogenerated/98526f50-f2d5-48af-8dae-f02820de1b08/Input-Payload.wev" autogeneratedOrigin="3cc91d3a-5b38-41bd-97e6-f7fcfdbcac8b"><![CDATA[%dw 2.0

type auto_98526f50_f2d5_48af_8dae_f02820de1b08_Input_Payload = Array<{ _?: java_lang_Object }>
type java_lang_Object = {|  |} {"typeAlias": "Object",
"class": "java.lang.Object",
"typeId": "java.lang.Object"}



]]></types:shape>
    </types:type>
    <types:type name="auto_98526f50-f2d5-48af-8dae-f02820de1b08_Input-Attributes" format="java">
      <types:shape format="weave" example="weave/autogenerated/98526f50-f2d5-48af-8dae-f02820de1b08/Input-Attributes.wev" autogeneratedOrigin="3cc91d3a-5b38-41bd-97e6-f7fcfdbcac8b"><![CDATA[%dw 2.0

type auto_98526f50_f2d5_48af_8dae_f02820de1b08_Input_Attributes = Null

]]></types:shape>
    </types:type>
    <types:type name="auto_98526f50-f2d5-48af-8dae-f02820de1b08_Input-Variables-selectQuery" format="java">
      <types:shape format="weave" example="weave/autogenerated/98526f50-f2d5-48af-8dae-f02820de1b08/Input-Variables-selectQuery.wev" autogeneratedOrigin="3cc91d3a-5b38-41bd-97e6-f7fcfdbcac8b"><![CDATA[%dw 2.0

type auto_98526f50_f2d5_48af_8dae_f02820de1b08_Input_Variables_selectQuery = Any

]]></types:shape>
    </types:type>
    <types:type name="auto_98526f50-f2d5-48af-8dae-f02820de1b08_Input-Variables-outboundHeaders" format="java">
      <types:shape format="weave" example="weave/autogenerated/98526f50-f2d5-48af-8dae-f02820de1b08/Input-Variables-outboundHeaders.wev" autogeneratedOrigin="3cc91d3a-5b38-41bd-97e6-f7fcfdbcac8b"><![CDATA[%dw 2.0

type auto_98526f50_f2d5_48af_8dae_f02820de1b08_Input_Variables_outboundHeaders = {|  |}

]]></types:shape>
    </types:type>
    <types:type name="auto_98526f50-f2d5-48af-8dae-f02820de1b08_Input-Variables-successfulReponseMessage" format="java">
      <types:shape format="weave" example="weave/autogenerated/98526f50-f2d5-48af-8dae-f02820de1b08/Input-Variables-successfulReponseMessage.wev" autogeneratedOrigin="3cc91d3a-5b38-41bd-97e6-f7fcfdbcac8b"><![CDATA[%dw 2.0

type auto_98526f50_f2d5_48af_8dae_f02820de1b08_Input_Variables_successfulReponseMessage = Array<{ _?: java_lang_Object }>
type java_lang_Object = {|  |} {"typeAlias": "Object",
"class": "java.lang.Object",
"typeId": "java.lang.Object"}



]]></types:shape>
    </types:type>
    <types:type name="auto_98526f50-f2d5-48af-8dae-f02820de1b08_Input-Variables-errorResponseMessage" format="java">
      <types:shape format="raml" autogeneratedOrigin="3cc91d3a-5b38-41bd-97e6-f7fcfdbcac8b"><![CDATA[#%RAML 1.0 DataType
type: string]]></types:shape>
    </types:type>
    <types:type name="auto_98526f50-f2d5-48af-8dae-f02820de1b08_Input-Variables-inputParams" format="json">
      <types:shape format="weave" example="weave/autogenerated/98526f50-f2d5-48af-8dae-f02820de1b08/Input-Variables-inputParams.wev" autogeneratedOrigin="3cc91d3a-5b38-41bd-97e6-f7fcfdbcac8b"><![CDATA[%dw 2.0

type auto_98526f50_f2d5_48af_8dae_f02820de1b08_Input_Variables_inputParams = {|
  email: String, 
  firstName: String, 
  lastName: String, 
  manager_id: Number, 
  street: String, 
  city: String, 
  dob: String, 
  updated_at: String, 
  initials: String
|}

]]></types:shape>
    </types:type>
    <types:type name="auto_98526f50-f2d5-48af-8dae-f02820de1b08_Input-Variables-id" format="java">
      <types:shape format="weave" example="weave/autogenerated/98526f50-f2d5-48af-8dae-f02820de1b08/Input-Variables-id.wev" autogeneratedOrigin="3cc91d3a-5b38-41bd-97e6-f7fcfdbcac8b"><![CDATA[%dw 2.0

type auto_98526f50_f2d5_48af_8dae_f02820de1b08_Input_Variables_id = Null

]]></types:shape>
    </types:type>
    <types:type name="auto_98526f50-f2d5-48af-8dae-f02820de1b08_Input-Variables-payloadIfUserExists" format="java">
      <types:shape format="raml" autogeneratedOrigin="3cc91d3a-5b38-41bd-97e6-f7fcfdbcac8b"><![CDATA[#%RAML 1.0 DataType
type: string]]></types:shape>
    </types:type>
    <types:type name="auto_98526f50-f2d5-48af-8dae-f02820de1b08_Output-Payload" format="json">
      <types:shape format="weave" autogeneratedOrigin="3cc91d3a-5b38-41bd-97e6-f7fcfdbcac8b"><![CDATA[%dw 2.0

type auto_98526f50_f2d5_48af_8dae_f02820de1b08_Output_Payload = {| message?: String |} {"example": "{\\\"message\\\":\\\"user successfully updated!\\\"}"}

]]></types:shape>
    </types:type>
    <types:type name="auto_98526f50-f2d5-48af-8dae-f02820de1b08_Output-Attributes" format="java">
      <types:shape format="weave" example="weave/autogenerated/98526f50-f2d5-48af-8dae-f02820de1b08/Output-Attributes.wev" autogeneratedOrigin="3cc91d3a-5b38-41bd-97e6-f7fcfdbcac8b"><![CDATA[%dw 2.0

type auto_98526f50_f2d5_48af_8dae_f02820de1b08_Output_Attributes = Null

]]></types:shape>
    </types:type>
    <types:type name="auto_98526f50-f2d5-48af-8dae-f02820de1b08_Output-Variables-outboundHeaders" format="java">
      <types:shape format="weave" example="weave/autogenerated/98526f50-f2d5-48af-8dae-f02820de1b08/Output-Variables-outboundHeaders.wev" autogeneratedOrigin="3cc91d3a-5b38-41bd-97e6-f7fcfdbcac8b"><![CDATA[%dw 2.0

type auto_98526f50_f2d5_48af_8dae_f02820de1b08_Output_Variables_outboundHeaders = {|  |}

]]></types:shape>
    </types:type>
    <types:type name="auto_98526f50-f2d5-48af-8dae-f02820de1b08_Output-Variables-successfulReponseMessage" format="java">
      <types:shape format="weave" example="weave/autogenerated/98526f50-f2d5-48af-8dae-f02820de1b08/Output-Variables-successfulReponseMessage.wev" autogeneratedOrigin="3cc91d3a-5b38-41bd-97e6-f7fcfdbcac8b"><![CDATA[%dw 2.0

type auto_98526f50_f2d5_48af_8dae_f02820de1b08_Output_Variables_successfulReponseMessage = Array<{ _?: java_lang_Object }>
type java_lang_Object = {|  |} {"typeAlias": "Object",
"class": "java.lang.Object",
"typeId": "java.lang.Object"}



]]></types:shape>
    </types:type>
    <types:type name="auto_98526f50-f2d5-48af-8dae-f02820de1b08_Output-Variables-errorResponseMessage" format="java">
      <types:shape format="raml" autogeneratedOrigin="3cc91d3a-5b38-41bd-97e6-f7fcfdbcac8b"><![CDATA[#%RAML 1.0 DataType
type: string]]></types:shape>
    </types:type>
    <types:type name="auto_98526f50-f2d5-48af-8dae-f02820de1b08_Output-Variables-httpStatus" format="java">
      <types:shape format="raml" autogeneratedOrigin="3cc91d3a-5b38-41bd-97e6-f7fcfdbcac8b"><![CDATA[#%RAML 1.0 DataType
type: string]]></types:shape>
    </types:type>
    <types:type name="auto_98526f50-f2d5-48af-8dae-f02820de1b08_Output-Variables-inputParams" format="json">
      <types:shape format="weave" example="weave/autogenerated/98526f50-f2d5-48af-8dae-f02820de1b08/Output-Variables-inputParams.wev" autogeneratedOrigin="3cc91d3a-5b38-41bd-97e6-f7fcfdbcac8b"><![CDATA[%dw 2.0

type auto_98526f50_f2d5_48af_8dae_f02820de1b08_Output_Variables_inputParams = {|
  email: String, 
  firstName: String, 
  lastName: String, 
  manager_id: Number, 
  street: String, 
  city: String, 
  dob: String, 
  updated_at: String, 
  initials: String
|}

]]></types:shape>
    </types:type>
    <types:type name="auto_98526f50-f2d5-48af-8dae-f02820de1b08_Output-Variables-id" format="java">
      <types:shape format="weave" example="weave/autogenerated/98526f50-f2d5-48af-8dae-f02820de1b08/Output-Variables-id.wev" autogeneratedOrigin="3cc91d3a-5b38-41bd-97e6-f7fcfdbcac8b"><![CDATA[%dw 2.0

type auto_98526f50_f2d5_48af_8dae_f02820de1b08_Output_Variables_id = Null

]]></types:shape>
    </types:type>
    <types:type name="auto_98526f50-f2d5-48af-8dae-f02820de1b08_Output-Variables-payloadIfUserExists" format="java">
      <types:shape format="raml" autogeneratedOrigin="3cc91d3a-5b38-41bd-97e6-f7fcfdbcac8b"><![CDATA[#%RAML 1.0 DataType
type: string]]></types:shape>
    </types:type>
    <types:type name="auto_98526f50-f2d5-48af-8dae-f02820de1b08_Output-Variables-selectQuery" format="java">
      <types:shape format="weave" example="weave/autogenerated/98526f50-f2d5-48af-8dae-f02820de1b08/Output-Variables-selectQuery.wev" autogeneratedOrigin="3cc91d3a-5b38-41bd-97e6-f7fcfdbcac8b"><![CDATA[%dw 2.0

type auto_98526f50_f2d5_48af_8dae_f02820de1b08_Output_Variables_selectQuery = Any

]]></types:shape>
    </types:type>
  </types:catalog>
  <types:enrichment select="#ec799cc0-68aa-48a4-b043-7861352b8311">
    <types:processor-declaration>
      <types:input-event>
        <types:message>
          <types:payload type="user"/>
        </types:message>
      </types:input-event>
      <types:output-event>
        <types:message>
          <types:payload type="user"/>
        </types:message>
      </types:output-event>
    </types:processor-declaration>
  </types:enrichment>
  <types:enrichment select="#0509f341-1d0d-4ea3-b5ec-4178e6b3e624">
    <types:processor-declaration>
      <types:input-event>
        <types:message>
          <types:payload type="user"/>
        </types:message>
      </types:input-event>
    </types:processor-declaration>
  </types:enrichment>
  <types:enrichment select="#0c36ad4d-f92f-42b3-8e90-4e074fa30ee0">
    <types:processor-declaration>
      <types:input-event>
        <types:message>
          <types:payload type="user"/>
        </types:message>
      </types:input-event>
      <types:output-event>
        <types:message>
          <types:payload type="user"/>
        </types:message>
      </types:output-event>
    </types:processor-declaration>
  </types:enrichment>
  <types:enrichment select="#8d3666fa-e493-42df-ab2d-ba641184f5f9">
    <types:processor-declaration>
      <types:input-event>
        <types:message>
          <types:payload type="user"/>
        </types:message>
      </types:input-event>
      <types:output-event>
        <types:message>
          <types:payload type="user"/>
        </types:message>
      </types:output-event>
    </types:processor-declaration>
  </types:enrichment>
  <types:enrichment select="#c3896508-091a-4bb2-9df8-13a120ddc86f">
    <types:processor-declaration>
      <types:input-event>
        <types:variables>
          <types:variable name="selectQuery" type="auto_c3896508-091a-4bb2-9df8-13a120ddc86f_Input-Variables-selectQuery"/>
        </types:variables>
      </types:input-event>
      <types:output-event>
        <types:message>
          <types:payload type="auto_c3896508-091a-4bb2-9df8-13a120ddc86f_Output-Payload"/>
          <types:attributes type="auto_c3896508-091a-4bb2-9df8-13a120ddc86f_Output-Attributes"/>
        </types:message>
        <types:variables>
          <types:variable name="selectQuery" type="auto_c3896508-091a-4bb2-9df8-13a120ddc86f_Output-Variables-selectQuery"/>
        </types:variables>
      </types:output-event>
    </types:processor-declaration>
  </types:enrichment>
  <types:enrichment select="#4107fe11-a692-44a0-bd5d-29fa49abfba1">
    <types:processor-declaration>
      <types:input-event>
        <types:message>
          <types:payload type="auto_4107fe11-a692-44a0-bd5d-29fa49abfba1_Input-Payload"/>
          <types:attributes type="auto_4107fe11-a692-44a0-bd5d-29fa49abfba1_Input-Attributes"/>
        </types:message>
        <types:variables>
          <types:variable name="selectQuery" type="auto_4107fe11-a692-44a0-bd5d-29fa49abfba1_Input-Variables-selectQuery"/>
        </types:variables>
      </types:input-event>
      <types:output-event>
        <types:message>
          <types:payload type="auto_4107fe11-a692-44a0-bd5d-29fa49abfba1_Output-Payload"/>
          <types:attributes type="auto_4107fe11-a692-44a0-bd5d-29fa49abfba1_Output-Attributes"/>
        </types:message>
        <types:variables>
          <types:variable name="selectQuery" type="auto_4107fe11-a692-44a0-bd5d-29fa49abfba1_Output-Variables-selectQuery"/>
        </types:variables>
      </types:output-event>
    </types:processor-declaration>
  </types:enrichment>
  <types:enrichment select="#130dc267-4443-4de4-8097-e9cd6194a627">
    <types:processor-declaration>
      <types:input-event>
        <types:message>
          <types:payload type="auto_130dc267-4443-4de4-8097-e9cd6194a627_Input-Payload"/>
          <types:attributes type="auto_130dc267-4443-4de4-8097-e9cd6194a627_Input-Attributes"/>
        </types:message>
        <types:variables>
          <types:variable name="selectQuery" type="auto_130dc267-4443-4de4-8097-e9cd6194a627_Input-Variables-selectQuery"/>
        </types:variables>
      </types:input-event>
      <types:output-event>
        <types:message>
          <types:payload type="auto_130dc267-4443-4de4-8097-e9cd6194a627_Output-Payload"/>
          <types:attributes type="auto_130dc267-4443-4de4-8097-e9cd6194a627_Output-Attributes"/>
        </types:message>
        <types:variables>
          <types:variable name="selectQuery" type="auto_130dc267-4443-4de4-8097-e9cd6194a627_Output-Variables-selectQuery"/>
        </types:variables>
      </types:output-event>
    </types:processor-declaration>
  </types:enrichment>
  <types:enrichment select="#2249b97d-6afc-4165-88f7-3e85dbead9dc">
    <types:processor-declaration>
      <types:input-event>
        <types:variables>
          <types:variable name="httpStatus" type="auto_2249b97d-6afc-4165-88f7-3e85dbead9dc_Input-Variables-httpStatus"/>
          <types:variable name="selectQuery" type="auto_2249b97d-6afc-4165-88f7-3e85dbead9dc_Input-Variables-selectQuery"/>
        </types:variables>
      </types:input-event>
      <types:output-event>
        <types:message>
          <types:payload type="auto_2249b97d-6afc-4165-88f7-3e85dbead9dc_Output-Payload"/>
        </types:message>
        <types:variables>
          <types:variable name="httpStatus" type="auto_2249b97d-6afc-4165-88f7-3e85dbead9dc_Output-Variables-httpStatus"/>
          <types:variable name="selectQuery" type="auto_2249b97d-6afc-4165-88f7-3e85dbead9dc_Output-Variables-selectQuery"/>
        </types:variables>
      </types:output-event>
    </types:processor-declaration>
  </types:enrichment>
  <types:enrichment select="#859b436d-5104-4082-9c03-1d755ae97348">
    <types:processor-declaration>
      <types:input-event>
        <types:message>
          <types:payload type="auto_859b436d-5104-4082-9c03-1d755ae97348_Input-Payload"/>
          <types:attributes type="auto_859b436d-5104-4082-9c03-1d755ae97348_Input-Attributes"/>
        </types:message>
        <types:variables>
          <types:variable name="outboundHeaders" type="auto_859b436d-5104-4082-9c03-1d755ae97348_Input-Variables-outboundHeaders"/>
          <types:variable name="httpStatus" type="auto_859b436d-5104-4082-9c03-1d755ae97348_Input-Variables-httpStatus"/>
          <types:variable name="id" type="auto_859b436d-5104-4082-9c03-1d755ae97348_Input-Variables-id"/>
          <types:variable name="selectQuery" type="auto_859b436d-5104-4082-9c03-1d755ae97348_Input-Variables-selectQuery"/>
        </types:variables>
      </types:input-event>
      <types:output-event>
        <types:message>
          <types:payload type="auto_859b436d-5104-4082-9c03-1d755ae97348_Output-Payload"/>
          <types:attributes type="auto_859b436d-5104-4082-9c03-1d755ae97348_Output-Attributes"/>
        </types:message>
        <types:variables>
          <types:variable name="outboundHeaders" type="auto_859b436d-5104-4082-9c03-1d755ae97348_Output-Variables-outboundHeaders"/>
          <types:variable name="httpStatus" type="auto_859b436d-5104-4082-9c03-1d755ae97348_Output-Variables-httpStatus"/>
          <types:variable name="id" type="auto_859b436d-5104-4082-9c03-1d755ae97348_Output-Variables-id"/>
          <types:variable name="selectQuery" type="auto_859b436d-5104-4082-9c03-1d755ae97348_Output-Variables-selectQuery"/>
        </types:variables>
      </types:output-event>
    </types:processor-declaration>
  </types:enrichment>
  <types:enrichment select="#b42feb36-f6bc-4efb-be00-972468b8bfdb">
    <types:processor-declaration>
      <types:input-event>
        <types:variables>
          <types:variable name="httpStatus" type="auto_b42feb36-f6bc-4efb-be00-972468b8bfdb_Input-Variables-httpStatus"/>
          <types:variable name="inputParams" type="auto_b42feb36-f6bc-4efb-be00-972468b8bfdb_Input-Variables-inputParams"/>
          <types:variable name="selectQuery" type="auto_b42feb36-f6bc-4efb-be00-972468b8bfdb_Input-Variables-selectQuery"/>
        </types:variables>
      </types:input-event>
      <types:output-event>
        <types:variables>
          <types:variable name="httpStatus" type="auto_b42feb36-f6bc-4efb-be00-972468b8bfdb_Output-Variables-httpStatus"/>
          <types:variable name="inputParams" type="auto_b42feb36-f6bc-4efb-be00-972468b8bfdb_Output-Variables-inputParams"/>
          <types:variable name="selectQuery" type="auto_b42feb36-f6bc-4efb-be00-972468b8bfdb_Output-Variables-selectQuery"/>
        </types:variables>
      </types:output-event>
    </types:processor-declaration>
  </types:enrichment>
  <types:enrichment select="#da493a37-a990-480a-9bfa-65f934d58a79">
    <types:processor-declaration>
      <types:input-event>
        <types:variables>
          <types:variable name="selectQuery" type="String"/>
        </types:variables>
      </types:input-event>
    </types:processor-declaration>
  </types:enrichment>
  <types:enrichment select="#712ba1b9-3be3-4f53-a03d-60c06e529040">
    <types:processor-declaration>
      <types:input-event>
        <types:message>
          <types:payload type="auto_712ba1b9-3be3-4f53-a03d-60c06e529040_Input-Payload"/>
          <types:attributes type="auto_712ba1b9-3be3-4f53-a03d-60c06e529040_Input-Attributes"/>
        </types:message>
        <types:variables>
          <types:variable name="outboundHeaders" type="auto_712ba1b9-3be3-4f53-a03d-60c06e529040_Input-Variables-outboundHeaders"/>
          <types:variable name="httpStatus" type="auto_712ba1b9-3be3-4f53-a03d-60c06e529040_Input-Variables-httpStatus"/>
          <types:variable name="selectQuery" type="auto_712ba1b9-3be3-4f53-a03d-60c06e529040_Input-Variables-selectQuery"/>
        </types:variables>
      </types:input-event>
      <types:output-event>
        <types:message>
          <types:payload type="auto_712ba1b9-3be3-4f53-a03d-60c06e529040_Output-Payload"/>
          <types:attributes type="auto_712ba1b9-3be3-4f53-a03d-60c06e529040_Output-Attributes"/>
        </types:message>
        <types:variables>
          <types:variable name="outboundHeaders" type="auto_712ba1b9-3be3-4f53-a03d-60c06e529040_Output-Variables-outboundHeaders"/>
          <types:variable name="httpStatus" type="auto_712ba1b9-3be3-4f53-a03d-60c06e529040_Output-Variables-httpStatus"/>
          <types:variable name="inputParams" type="auto_712ba1b9-3be3-4f53-a03d-60c06e529040_Output-Variables-inputParams"/>
          <types:variable name="selectQuery" type="auto_712ba1b9-3be3-4f53-a03d-60c06e529040_Output-Variables-selectQuery"/>
        </types:variables>
      </types:output-event>
    </types:processor-declaration>
  </types:enrichment>
  <types:enrichment select="#1f234468-3ba9-49fe-a144-91f6431b1185">
    <types:processor-declaration>
      <types:input-event>
        <types:message>
          <types:payload type="auto_1f234468-3ba9-49fe-a144-91f6431b1185_Input-Payload"/>
          <types:attributes type="auto_1f234468-3ba9-49fe-a144-91f6431b1185_Input-Attributes"/>
        </types:message>
      </types:input-event>
      <types:output-event>
        <types:message>
          <types:payload type="auto_1f234468-3ba9-49fe-a144-91f6431b1185_Output-Payload"/>
          <types:attributes type="auto_1f234468-3ba9-49fe-a144-91f6431b1185_Output-Attributes"/>
        </types:message>
        <types:variables>
          <types:variable name="outboundHeaders" type="auto_1f234468-3ba9-49fe-a144-91f6431b1185_Output-Variables-outboundHeaders"/>
          <types:variable name="setEmail" type="auto_1f234468-3ba9-49fe-a144-91f6431b1185_Output-Variables-setEmail"/>
          <types:variable name="successfulReponseMessage" type="auto_1f234468-3ba9-49fe-a144-91f6431b1185_Output-Variables-successfulReponseMessage"/>
          <types:variable name="errorResponseMessage" type="auto_1f234468-3ba9-49fe-a144-91f6431b1185_Output-Variables-errorResponseMessage"/>
          <types:variable name="httpStatus" type="auto_1f234468-3ba9-49fe-a144-91f6431b1185_Output-Variables-httpStatus"/>
          <types:variable name="inputParams" type="auto_1f234468-3ba9-49fe-a144-91f6431b1185_Output-Variables-inputParams"/>
          <types:variable name="id" type="auto_1f234468-3ba9-49fe-a144-91f6431b1185_Output-Variables-id"/>
          <types:variable name="payloadIfUserExists" type="auto_1f234468-3ba9-49fe-a144-91f6431b1185_Output-Variables-payloadIfUserExists"/>
          <types:variable name="selectQuery" type="auto_1f234468-3ba9-49fe-a144-91f6431b1185_Output-Variables-selectQuery"/>
          <types:variable name="email" type="auto_1f234468-3ba9-49fe-a144-91f6431b1185_Output-Variables-email"/>
        </types:variables>
      </types:output-event>
    </types:processor-declaration>
  </types:enrichment>
  <types:enrichment select="#35016f81-ec63-4a65-9923-b8b94f89d9e7">
    <types:processor-declaration>
      <types:input-event>
        <types:message>
          <types:payload type="auto_35016f81-ec63-4a65-9923-b8b94f89d9e7_Input-Payload"/>
          <types:attributes type="auto_35016f81-ec63-4a65-9923-b8b94f89d9e7_Input-Attributes"/>
        </types:message>
        <types:variables>
          <types:variable name="outboundHeaders" type="auto_35016f81-ec63-4a65-9923-b8b94f89d9e7_Input-Variables-outboundHeaders"/>
          <types:variable name="successfulReponseMessage" type="auto_35016f81-ec63-4a65-9923-b8b94f89d9e7_Input-Variables-successfulReponseMessage"/>
          <types:variable name="errorResponseMessage" type="auto_35016f81-ec63-4a65-9923-b8b94f89d9e7_Input-Variables-errorResponseMessage"/>
          <types:variable name="httpStatus" type="auto_35016f81-ec63-4a65-9923-b8b94f89d9e7_Input-Variables-httpStatus"/>
          <types:variable name="inputParams" type="auto_35016f81-ec63-4a65-9923-b8b94f89d9e7_Input-Variables-inputParams"/>
          <types:variable name="id" type="auto_35016f81-ec63-4a65-9923-b8b94f89d9e7_Input-Variables-id"/>
          <types:variable name="payloadIfUserExists" type="auto_35016f81-ec63-4a65-9923-b8b94f89d9e7_Input-Variables-payloadIfUserExists"/>
          <types:variable name="selectQuery" type="auto_35016f81-ec63-4a65-9923-b8b94f89d9e7_Input-Variables-selectQuery"/>
        </types:variables>
      </types:input-event>
      <types:output-event>
        <types:message>
          <types:payload type="auto_35016f81-ec63-4a65-9923-b8b94f89d9e7_Output-Payload"/>
          <types:attributes type="auto_35016f81-ec63-4a65-9923-b8b94f89d9e7_Output-Attributes"/>
        </types:message>
        <types:variables>
          <types:variable name="outboundHeaders" type="auto_35016f81-ec63-4a65-9923-b8b94f89d9e7_Output-Variables-outboundHeaders"/>
          <types:variable name="successfulReponseMessage" type="auto_35016f81-ec63-4a65-9923-b8b94f89d9e7_Output-Variables-successfulReponseMessage"/>
          <types:variable name="errorResponseMessage" type="auto_35016f81-ec63-4a65-9923-b8b94f89d9e7_Output-Variables-errorResponseMessage"/>
          <types:variable name="httpStatus" type="auto_35016f81-ec63-4a65-9923-b8b94f89d9e7_Output-Variables-httpStatus"/>
          <types:variable name="inputParams" type="auto_35016f81-ec63-4a65-9923-b8b94f89d9e7_Output-Variables-inputParams"/>
          <types:variable name="id" type="auto_35016f81-ec63-4a65-9923-b8b94f89d9e7_Output-Variables-id"/>
          <types:variable name="payloadIfUserExists" type="auto_35016f81-ec63-4a65-9923-b8b94f89d9e7_Output-Variables-payloadIfUserExists"/>
          <types:variable name="selectQuery" type="auto_35016f81-ec63-4a65-9923-b8b94f89d9e7_Output-Variables-selectQuery"/>
        </types:variables>
      </types:output-event>
    </types:processor-declaration>
  </types:enrichment>
  <types:enrichment select="#e54bd161-47b4-4bc0-859b-cbbcf5269b7e">
    <types:processor-declaration>
      <types:input-event>
        <types:message>
          <types:payload type="auto_e54bd161-47b4-4bc0-859b-cbbcf5269b7e_Input-Payload"/>
          <types:attributes type="auto_e54bd161-47b4-4bc0-859b-cbbcf5269b7e_Input-Attributes"/>
        </types:message>
        <types:variables>
          <types:variable name="outboundHeaders" type="auto_e54bd161-47b4-4bc0-859b-cbbcf5269b7e_Input-Variables-outboundHeaders"/>
          <types:variable name="createQuery" type="auto_e54bd161-47b4-4bc0-859b-cbbcf5269b7e_Input-Variables-createQuery"/>
          <types:variable name="httpStatus" type="auto_e54bd161-47b4-4bc0-859b-cbbcf5269b7e_Input-Variables-httpStatus"/>
          <types:variable name="inputParams" type="auto_e54bd161-47b4-4bc0-859b-cbbcf5269b7e_Input-Variables-inputParams"/>
          <types:variable name="selectQuery" type="auto_e54bd161-47b4-4bc0-859b-cbbcf5269b7e_Input-Variables-selectQuery"/>
        </types:variables>
      </types:input-event>
      <types:output-event>
        <types:message>
          <types:payload type="auto_e54bd161-47b4-4bc0-859b-cbbcf5269b7e_Output-Payload"/>
          <types:attributes type="auto_e54bd161-47b4-4bc0-859b-cbbcf5269b7e_Output-Attributes"/>
        </types:message>
        <types:variables>
          <types:variable name="outboundHeaders" type="auto_e54bd161-47b4-4bc0-859b-cbbcf5269b7e_Output-Variables-outboundHeaders"/>
          <types:variable name="createQuery" type="auto_e54bd161-47b4-4bc0-859b-cbbcf5269b7e_Output-Variables-createQuery"/>
          <types:variable name="httpStatus" type="auto_e54bd161-47b4-4bc0-859b-cbbcf5269b7e_Output-Variables-httpStatus"/>
          <types:variable name="inputParams" type="auto_e54bd161-47b4-4bc0-859b-cbbcf5269b7e_Output-Variables-inputParams"/>
          <types:variable name="statusMessage" type="auto_e54bd161-47b4-4bc0-859b-cbbcf5269b7e_Output-Variables-statusMessage"/>
          <types:variable name="selectQuery" type="auto_e54bd161-47b4-4bc0-859b-cbbcf5269b7e_Output-Variables-selectQuery"/>
        </types:variables>
      </types:output-event>
    </types:processor-declaration>
  </types:enrichment>
  <types:enrichment select="#cdb4ca1d-4b19-4e0c-abce-24245253d6b0">
    <types:processor-declaration>
      <types:input-event>
        <types:message>
          <types:payload type="auto_cdb4ca1d-4b19-4e0c-abce-24245253d6b0_Input-Payload"/>
          <types:attributes type="auto_cdb4ca1d-4b19-4e0c-abce-24245253d6b0_Input-Attributes"/>
        </types:message>
        <types:variables>
          <types:variable name="setEmail" type="auto_cdb4ca1d-4b19-4e0c-abce-24245253d6b0_Input-Variables-setEmail"/>
          <types:variable name="selectQuery" type="auto_cdb4ca1d-4b19-4e0c-abce-24245253d6b0_Input-Variables-selectQuery"/>
          <types:variable name="email" type="auto_cdb4ca1d-4b19-4e0c-abce-24245253d6b0_Input-Variables-email"/>
        </types:variables>
      </types:input-event>
      <types:output-event>
        <types:message>
          <types:payload type="auto_cdb4ca1d-4b19-4e0c-abce-24245253d6b0_Output-Payload"/>
          <types:attributes type="auto_cdb4ca1d-4b19-4e0c-abce-24245253d6b0_Output-Attributes"/>
        </types:message>
        <types:variables>
          <types:variable name="outboundHeaders" type="auto_cdb4ca1d-4b19-4e0c-abce-24245253d6b0_Output-Variables-outboundHeaders"/>
          <types:variable name="setEmail" type="auto_cdb4ca1d-4b19-4e0c-abce-24245253d6b0_Output-Variables-setEmail"/>
          <types:variable name="successfulReponseMessage" type="auto_cdb4ca1d-4b19-4e0c-abce-24245253d6b0_Output-Variables-successfulReponseMessage"/>
          <types:variable name="errorResponseMessage" type="auto_cdb4ca1d-4b19-4e0c-abce-24245253d6b0_Output-Variables-errorResponseMessage"/>
          <types:variable name="httpStatus" type="auto_cdb4ca1d-4b19-4e0c-abce-24245253d6b0_Output-Variables-httpStatus"/>
          <types:variable name="inputParams" type="auto_cdb4ca1d-4b19-4e0c-abce-24245253d6b0_Output-Variables-inputParams"/>
          <types:variable name="id" type="auto_cdb4ca1d-4b19-4e0c-abce-24245253d6b0_Output-Variables-id"/>
          <types:variable name="payloadIfUserExists" type="auto_cdb4ca1d-4b19-4e0c-abce-24245253d6b0_Output-Variables-payloadIfUserExists"/>
          <types:variable name="selectQuery" type="auto_cdb4ca1d-4b19-4e0c-abce-24245253d6b0_Output-Variables-selectQuery"/>
          <types:variable name="email" type="auto_cdb4ca1d-4b19-4e0c-abce-24245253d6b0_Output-Variables-email"/>
        </types:variables>
      </types:output-event>
    </types:processor-declaration>
  </types:enrichment>
  <types:enrichment select="#bb8cf5c9-84de-4ac8-ae5b-e09f674a116a">
    <types:processor-declaration>
      <types:output-event>
        <types:variables>
          <types:variable name="httpStatus" type="auto_bb8cf5c9-84de-4ac8-ae5b-e09f674a116a_Output-Variables-httpStatus"/>
          <types:variable name="inputParams" type="auto_bb8cf5c9-84de-4ac8-ae5b-e09f674a116a_Output-Variables-inputParams"/>
          <types:variable name="selectQuery" type="auto_bb8cf5c9-84de-4ac8-ae5b-e09f674a116a_Output-Variables-selectQuery"/>
        </types:variables>
      </types:output-event>
    </types:processor-declaration>
  </types:enrichment>
  <types:enrichment select="#18c604ea-5005-44ac-9e4c-a703b5ef00f6">
    <types:processor-declaration>
      <types:input-event>
        <types:message>
          <types:payload type="auto_18c604ea-5005-44ac-9e4c-a703b5ef00f6_Input-Payload"/>
          <types:attributes type="auto_18c604ea-5005-44ac-9e4c-a703b5ef00f6_Input-Attributes"/>
        </types:message>
      </types:input-event>
      <types:output-event>
        <types:message>
          <types:payload type="auto_18c604ea-5005-44ac-9e4c-a703b5ef00f6_Output-Payload"/>
          <types:attributes type="auto_18c604ea-5005-44ac-9e4c-a703b5ef00f6_Output-Attributes"/>
        </types:message>
        <types:variables>
          <types:variable name="outboundHeaders" type="auto_18c604ea-5005-44ac-9e4c-a703b5ef00f6_Output-Variables-outboundHeaders"/>
          <types:variable name="updateQuery" type="auto_18c604ea-5005-44ac-9e4c-a703b5ef00f6_Output-Variables-updateQuery"/>
          <types:variable name="successfulReponseMessage" type="auto_18c604ea-5005-44ac-9e4c-a703b5ef00f6_Output-Variables-successfulReponseMessage"/>
          <types:variable name="errorResponseMessage" type="auto_18c604ea-5005-44ac-9e4c-a703b5ef00f6_Output-Variables-errorResponseMessage"/>
          <types:variable name="httpStatus" type="auto_18c604ea-5005-44ac-9e4c-a703b5ef00f6_Output-Variables-httpStatus"/>
          <types:variable name="inputParams" type="auto_18c604ea-5005-44ac-9e4c-a703b5ef00f6_Output-Variables-inputParams"/>
          <types:variable name="id" type="auto_18c604ea-5005-44ac-9e4c-a703b5ef00f6_Output-Variables-id"/>
          <types:variable name="payloadIfUserExists" type="auto_18c604ea-5005-44ac-9e4c-a703b5ef00f6_Output-Variables-payloadIfUserExists"/>
          <types:variable name="selectQuery" type="auto_18c604ea-5005-44ac-9e4c-a703b5ef00f6_Output-Variables-selectQuery"/>
        </types:variables>
      </types:output-event>
    </types:processor-declaration>
  </types:enrichment>
  <types:enrichment select="#98526f50-f2d5-48af-8dae-f02820de1b08">
    <types:processor-declaration>
      <types:input-event>
        <types:message>
          <types:payload type="auto_98526f50-f2d5-48af-8dae-f02820de1b08_Input-Payload"/>
          <types:attributes type="auto_98526f50-f2d5-48af-8dae-f02820de1b08_Input-Attributes"/>
        </types:message>
        <types:variables>
          <types:variable name="outboundHeaders" type="auto_98526f50-f2d5-48af-8dae-f02820de1b08_Input-Variables-outboundHeaders"/>
          <types:variable name="successfulReponseMessage" type="auto_98526f50-f2d5-48af-8dae-f02820de1b08_Input-Variables-successfulReponseMessage"/>
          <types:variable name="errorResponseMessage" type="auto_98526f50-f2d5-48af-8dae-f02820de1b08_Input-Variables-errorResponseMessage"/>
          <types:variable name="inputParams" type="auto_98526f50-f2d5-48af-8dae-f02820de1b08_Input-Variables-inputParams"/>
          <types:variable name="id" type="auto_98526f50-f2d5-48af-8dae-f02820de1b08_Input-Variables-id"/>
          <types:variable name="payloadIfUserExists" type="auto_98526f50-f2d5-48af-8dae-f02820de1b08_Input-Variables-payloadIfUserExists"/>
          <types:variable name="selectQuery" type="auto_98526f50-f2d5-48af-8dae-f02820de1b08_Input-Variables-selectQuery"/>
        </types:variables>
      </types:input-event>
      <types:output-event>
        <types:message>
          <types:payload type="auto_98526f50-f2d5-48af-8dae-f02820de1b08_Output-Payload"/>
          <types:attributes type="auto_98526f50-f2d5-48af-8dae-f02820de1b08_Output-Attributes"/>
        </types:message>
        <types:variables>
          <types:variable name="outboundHeaders" type="auto_98526f50-f2d5-48af-8dae-f02820de1b08_Output-Variables-outboundHeaders"/>
          <types:variable name="successfulReponseMessage" type="auto_98526f50-f2d5-48af-8dae-f02820de1b08_Output-Variables-successfulReponseMessage"/>
          <types:variable name="errorResponseMessage" type="auto_98526f50-f2d5-48af-8dae-f02820de1b08_Output-Variables-errorResponseMessage"/>
          <types:variable name="httpStatus" type="auto_98526f50-f2d5-48af-8dae-f02820de1b08_Output-Variables-httpStatus"/>
          <types:variable name="inputParams" type="auto_98526f50-f2d5-48af-8dae-f02820de1b08_Output-Variables-inputParams"/>
          <types:variable name="id" type="auto_98526f50-f2d5-48af-8dae-f02820de1b08_Output-Variables-id"/>
          <types:variable name="payloadIfUserExists" type="auto_98526f50-f2d5-48af-8dae-f02820de1b08_Output-Variables-payloadIfUserExists"/>
          <types:variable name="selectQuery" type="auto_98526f50-f2d5-48af-8dae-f02820de1b08_Output-Variables-selectQuery"/>
        </types:variables>
      </types:output-event>
    </types:processor-declaration>
  </types:enrichment>
</types:mule>