<?xml version="1.0" encoding="utf-8"?>
<Configuration>

	<!--These are some of the loggers you can enable. There are several more 
		you can find in the documentation. Besides this log4j configuration, you 
		can also use Java VM environment variables to enable other logs like network 
		(-Djavax.net.debug=ssl or all) and Garbage Collector (-XX:+PrintGC). These 
		will be append to the console, so you will see them in the mule_ee.log file. -->

	<Appenders>
		<RollingFile name="noThresholdFile"
			fileName="${sys:mule.home}${sys:file.separator}logs${sys:file.separator}${name}.log"
			filePattern="${sys:mule.home}${sys:file.separator}logs${sys:file.separator}${name}.log.%i">
			<PatternLayout
				pattern="%-5p %d [%t] [event: %X{correlationId}] %c: %m%n" />
			<SizeBasedTriggeringPolicy size="10 MB" />
			<DefaultRolloverStrategy max="10" />
		</RollingFile>
		<!-- Log for manually chasing problems -->
		
		<RollingFile name="warnfile"
			fileName="${sys:mule.home}${sys:file.separator}logs${sys:file.separator}${name}.log"
			filePattern="${sys:mule.home}${sys:file.separator}logs${sys:file.separator}${name}.log.%i">
      		<ThresholdFilter level="WARN" onMatch="ACCEPT" onMismatch="DENY"/>
			<PatternLayout
				pattern="%-5p %d [%t] [event: %X{correlationId}] %c: %m%n" />
			<SizeBasedTriggeringPolicy size="10 MB" />
			<DefaultRolloverStrategy max="10" />
		</RollingFile>
		<RollingFile name="infofile"
			fileName="${sys:mule.home}${sys:file.separator}logs${sys:file.separator}${name}.log"
			filePattern="${sys:mule.home}${sys:file.separator}logs${sys:file.separator}${name}.log.%i">
      		<ThresholdFilter level="INFO" onMatch="ACCEPT" onMismatch="DENY"/>
			<PatternLayout
				pattern="%-5p %d [%t] [event: %X{correlationId}] %c: %m%n" />
			<SizeBasedTriggeringPolicy size="10 MB" />
			<DefaultRolloverStrategy max="10" />
		</RollingFile>
		<RollingFile name="debugfile"
			fileName="${sys:mule.home}${sys:file.separator}logs${sys:file.separator}${name}.log"
			filePattern="${sys:mule.home}${sys:file.separator}logs${sys:file.separator}${name}.log.%i">
      		<ThresholdFilter level="DEBUG" onMatch="ACCEPT" onMismatch="DENY"/>
			<PatternLayout
				pattern="%-5p %d [%t] [event: %X{correlationId}] %c: %m%n" />
			<SizeBasedTriggeringPolicy size="10 MB" />
			<DefaultRolloverStrategy max="10" />
		</RollingFile>

<!-- 
 		<RollingFile name="extra"
			fileName="${sys:mule.home}${sys:file.separator}logs${sys:file.separator}${name}_extra_info.log"
			filePattern="${sys:mule.home}${sys:file.separator}logs${sys:file.separator}${name}_extra_info.log.%d{dd-MM-yyyy}_%i">
			<PatternLayout
				pattern="%-5p %d [%t] [event: %X{correlationId}] %c: %m%n" />
			<Policies>
			<TimeBasedTriggeringPolicy interval="1"/>	
			<SizeBasedTriggeringPolicy size="15 MB" />
			</Policies>
			<DefaultRolloverStrategy max="15" />
		</RollingFile>
-->
		<Console name="console" target="SYSTEM_OUT">
            <PatternLayout pattern="%-5p %d [%t] [event: %X{correlationId}] %c: %m%n"/>
        </Console>
	</Appenders>
	<Loggers>

		<!-- Http Logger shows wire traffic on DEBUG. -->
		<!--AsyncLogger name="org.mule.service.http.impl.service.HttpMessageLogger" 
			level="DEBUG" / -->
		<AsyncLogger name="org.mule.service.http" level="WARN" />
		<AsyncLogger name="org.mule.extension.http" level="WARN" />

		<!-- Mule logger -->
		<AsyncLogger name="org.mule.runtime.core.internal.processor.LoggerMessageProcessor" level="INFO" />

<!-- 
		<AsyncLogger name="${groupId}.prod.extra" level="INFO" additivity="false">
			<AppenderRef ref="extra" />
		</AsyncLogger>
		<AsyncLogger name="${groupId}.qa.extra" level="INFO" additivity="false">
			<AppenderRef ref="extra" />
		</AsyncLogger>
		<AsyncLogger name="${groupId}.int.extra" level="INFO" additivity="false">
			<AppenderRef ref="extra"/>
		</AsyncLogger>
		<AsyncLogger name="${groupId}.dev.extra" level="TRACE" additivity="false">
			<AppenderRef ref="extra" />
		</AsyncLogger>
		<AsyncLogger name="${groupId}.local.extra" level="TRACE" additivity="false">
			<AppenderRef ref="extra"/>
			<AppenderRef ref="console"/>
		</AsyncLogger>
-->
 
		
		<AsyncLogger name="${groupId}.qa" level="INFO" additivity="false">
			<AppenderRef ref="infofile" />
		</AsyncLogger>
		<AsyncLogger name="${groupId}.int" level="INFO" additivity="false">
			<AppenderRef ref="infofile" />
		</AsyncLogger>
		<AsyncLogger name="${groupId}.dev" level="DEBUG" additivity="false">
			<AppenderRef ref="debugfile" />
		</AsyncLogger>
		<AsyncLogger name="${groupId}.local" level="DEBUG" additivity="false">
			<AppenderRef ref="debugfile" />
			<AppenderRef ref="console"/>
		</AsyncLogger>

		<!-- Root logger
			 Last Logger of Hierarchy. Will log every event that is greater than the specified level to the normal log file. -->
		<AsyncRoot level="INFO">
			<AppenderRef ref="noThresholdFile" />
		</AsyncRoot>
	</Loggers>
</Configuration>