<?xml version='1.0' encoding='UTF-8'?>
<types:mule xmlns:types="http://www.mulesoft.org/schema/mule/types">
  <types:catalog>
    <types:type name="example" format="json">
      <types:shape format="weave" example="examples/example-schema.json"><![CDATA[%dw 2.0

type example = {| some: String |} {"example": "{\\\"some\\\":\\\"value\\\"}"}

]]></types:shape>
    </types:type>
    <types:type name="auto_9784c9cd-9197-46a1-b795-d1660fc78563_Input-Payload" format="java">
      <types:shape format="weave" example="weave/autogenerated/9784c9cd-9197-46a1-b795-d1660fc78563/Input-Payload.wev" autogeneratedOrigin="2d483e59-5fad-473d-8992-46b2a07edc35"><![CDATA[%dw 2.0

type auto_9784c9cd_9197_46a1_b795_d1660fc78563_Input_Payload = Any

]]></types:shape>
    </types:type>
    <types:type name="auto_9784c9cd-9197-46a1-b795-d1660fc78563_Input-Attributes" format="java">
      <types:shape format="weave" example="weave/autogenerated/9784c9cd-9197-46a1-b795-d1660fc78563/Input-Attributes.wev" autogeneratedOrigin="2d483e59-5fad-473d-8992-46b2a07edc35"><![CDATA[%dw 2.0

type auto_9784c9cd_9197_46a1_b795_d1660fc78563_Input_Attributes = {|
  clientCertificate?: {|
    publicKey?: {|  |}, 
    "type"?: String, 
    encoded?: Binary
  |}, 
  headers: {|  |}, 
  listenerPath: String, 
  method: String, 
  queryParams: {|  |}, 
  queryString: String, 
  relativePath: String, 
  remoteAddress: String, 
  requestPath: String, 
  requestUri: String, 
  scheme: String, 
  uriParams: {|  |}, 
  version: String, 
  localAddress: String
|}

]]></types:shape>
    </types:type>
    <types:type name="auto_9784c9cd-9197-46a1-b795-d1660fc78563_Input-Variables-outboundHeaders" format="java">
      <types:shape format="weave" example="weave/autogenerated/9784c9cd-9197-46a1-b795-d1660fc78563/Input-Variables-outboundHeaders.wev" autogeneratedOrigin="2d483e59-5fad-473d-8992-46b2a07edc35"><![CDATA[%dw 2.0

type auto_9784c9cd_9197_46a1_b795_d1660fc78563_Input_Variables_outboundHeaders = {|  |}

]]></types:shape>
    </types:type>
    <types:type name="auto_9784c9cd-9197-46a1-b795-d1660fc78563_Input-Variables-httpStatus" format="java">
      <types:shape format="raml" autogeneratedOrigin="2d483e59-5fad-473d-8992-46b2a07edc35"><![CDATA[#%RAML 1.0 DataType
type: string]]></types:shape>
    </types:type>
    <types:type name="auto_9784c9cd-9197-46a1-b795-d1660fc78563_Output-Payload" format="json">
      <types:shape format="weave" example="weave/autogenerated/9784c9cd-9197-46a1-b795-d1660fc78563/Output-Payload.wev" autogeneratedOrigin="2d483e59-5fad-473d-8992-46b2a07edc35"><![CDATA[%dw 2.0

type auto_9784c9cd_9197_46a1_b795_d1660fc78563_Output_Payload = {
  environment: {
    name: String, 
    _?: Any
  }, 
  application: {
    name: String, 
    _?: Any
  }, 
  log: {
    baseCategory: String, 
    _?: Any
  }, 
  flows: Array<{    initialState: String,     name: String,     currentState: String,     statistics: {      totalProcessingTimeInMilliseconds: Number,       numberOfExecutionErrors: Number,       maxProcessingTimeInMilliseconds: Number,       averageProcessingTimeInMilliseconds: Number,       totalEventsReceived: Number,       numberOfProcessedEvents: Number,       numberOfFatalErrors: Number,       minProcessingTimeInMilliseconds: Number,       _?: Any    },     _?: Any  }>, 
  api: {
    name: String, 
    id: String | Null, 
    version: String, 
    _?: Any
  }, 
  status: {
    result: String, 
    details: String, 
    _?: Any
  }, 
  timestamp: String, 
  _?: Any
} {"label": "API Status"}

]]></types:shape>
    </types:type>
    <types:type name="auto_9784c9cd-9197-46a1-b795-d1660fc78563_Output-Attributes" format="java">
      <types:shape format="weave" example="weave/autogenerated/9784c9cd-9197-46a1-b795-d1660fc78563/Output-Attributes.wev" autogeneratedOrigin="2d483e59-5fad-473d-8992-46b2a07edc35"><![CDATA[%dw 2.0

type auto_9784c9cd_9197_46a1_b795_d1660fc78563_Output_Attributes = {|
  clientCertificate?: {|
    publicKey?: {|  |}, 
    "type"?: String, 
    encoded?: Binary
  |}, 
  headers: {|  |}, 
  listenerPath: String, 
  method: String, 
  queryParams: {|  |}, 
  queryString: String, 
  relativePath: String, 
  remoteAddress: String, 
  requestPath: String, 
  requestUri: String, 
  scheme: String, 
  uriParams: {|  |}, 
  version: String, 
  localAddress: String
|}

]]></types:shape>
    </types:type>
    <types:type name="auto_9784c9cd-9197-46a1-b795-d1660fc78563_Output-Variables-flows" format="java">
      <types:shape format="weave" example="weave/autogenerated/9784c9cd-9197-46a1-b795-d1660fc78563/Output-Variables-flows.wev" autogeneratedOrigin="2d483e59-5fad-473d-8992-46b2a07edc35"><![CDATA[%dw 2.0

type auto_9784c9cd_9197_46a1_b795_d1660fc78563_Output_Variables_flows = Any

]]></types:shape>
    </types:type>
    <types:type name="auto_9784c9cd-9197-46a1-b795-d1660fc78563_Output-Variables-outboundHeaders" format="java">
      <types:shape format="weave" example="weave/autogenerated/9784c9cd-9197-46a1-b795-d1660fc78563/Output-Variables-outboundHeaders.wev" autogeneratedOrigin="2d483e59-5fad-473d-8992-46b2a07edc35"><![CDATA[%dw 2.0

type auto_9784c9cd_9197_46a1_b795_d1660fc78563_Output_Variables_outboundHeaders = {|  |}

]]></types:shape>
    </types:type>
    <types:type name="auto_9784c9cd-9197-46a1-b795-d1660fc78563_Output-Variables-httpStatus" format="java">
      <types:shape format="raml" autogeneratedOrigin="2d483e59-5fad-473d-8992-46b2a07edc35"><![CDATA[#%RAML 1.0 DataType
type: string]]></types:shape>
    </types:type>
    <types:type name="auto_a5c89069-4409-4b30-9122-6b4f4a8eff05_Input-Variables-httpStatus" format="java">
      <types:shape format="raml" autogeneratedOrigin="75138e4d-e055-4871-86f9-09180296eb7b"><![CDATA[#%RAML 1.0 DataType
type: string]]></types:shape>
    </types:type>
    <types:type name="auto_a5c89069-4409-4b30-9122-6b4f4a8eff05_Output-Variables-httpStatus" format="java">
      <types:shape format="raml" autogeneratedOrigin="75138e4d-e055-4871-86f9-09180296eb7b"><![CDATA[#%RAML 1.0 DataType
type: string]]></types:shape>
    </types:type>
    <types:type name="auto_f4737545-c8db-4bc0-bc8e-238b55db10cf_Input-Variables-httpStatus" format="java">
      <types:shape format="raml" autogeneratedOrigin="db351c34-5626-417f-ba00-4d03ba8526a1"><![CDATA[#%RAML 1.0 DataType
type: string]]></types:shape>
    </types:type>
    <types:type name="auto_f4737545-c8db-4bc0-bc8e-238b55db10cf_Output-Variables-httpStatus" format="java">
      <types:shape format="raml" autogeneratedOrigin="db351c34-5626-417f-ba00-4d03ba8526a1"><![CDATA[#%RAML 1.0 DataType
type: string]]></types:shape>
    </types:type>
    <types:type name="auto_ff1b40d0-1d57-4960-96f9-ce898586cc99_Input-Payload" format="json">
      <types:shape format="weave" example="weave/autogenerated/ff1b40d0-1d57-4960-96f9-ce898586cc99/Input-Payload.wev" autogeneratedOrigin="cd5df791-b5d0-4eb6-9ece-4a5d4b1ec288"><![CDATA[%dw 2.0

type auto_ff1b40d0_1d57_4960_96f9_ce898586cc99_Input_Payload = {
  Geburtstag: String, 
  "straße": String, 
  "manager-EmailAdresse": String, 
  vorname: String, 
  emailAdresse: String, 
  nachname: String, 
  Geburtsort: String, 
  _?: Any
}

]]></types:shape>
    </types:type>
    <types:type name="auto_ff1b40d0-1d57-4960-96f9-ce898586cc99_Input-Attributes" format="java">
      <types:shape format="weave" example="weave/autogenerated/ff1b40d0-1d57-4960-96f9-ce898586cc99/Input-Attributes.wev" autogeneratedOrigin="cd5df791-b5d0-4eb6-9ece-4a5d4b1ec288"><![CDATA[%dw 2.0

type auto_ff1b40d0_1d57_4960_96f9_ce898586cc99_Input_Attributes = {|
  clientCertificate?: {|
    publicKey?: {|  |}, 
    "type"?: String, 
    encoded?: Binary
  |}, 
  headers: {|  |}, 
  listenerPath: String, 
  method: String, 
  queryParams: {|  |}, 
  queryString: String, 
  relativePath: String, 
  remoteAddress: String, 
  requestPath: String, 
  requestUri: String, 
  scheme: String, 
  uriParams: {|  |}, 
  version: String, 
  localAddress: String
|}

]]></types:shape>
    </types:type>
    <types:type name="auto_ff1b40d0-1d57-4960-96f9-ce898586cc99_Input-Variables-outboundHeaders" format="java">
      <types:shape format="weave" example="weave/autogenerated/ff1b40d0-1d57-4960-96f9-ce898586cc99/Input-Variables-outboundHeaders.wev" autogeneratedOrigin="cd5df791-b5d0-4eb6-9ece-4a5d4b1ec288"><![CDATA[%dw 2.0

type auto_ff1b40d0_1d57_4960_96f9_ce898586cc99_Input_Variables_outboundHeaders = {|  |}

]]></types:shape>
    </types:type>
    <types:type name="auto_ff1b40d0-1d57-4960-96f9-ce898586cc99_Input-Variables-httpStatus" format="java">
      <types:shape format="raml" autogeneratedOrigin="cd5df791-b5d0-4eb6-9ece-4a5d4b1ec288"><![CDATA[#%RAML 1.0 DataType
type: string]]></types:shape>
    </types:type>
    <types:type name="auto_ff1b40d0-1d57-4960-96f9-ce898586cc99_Output-Payload" format="java">
      <types:shape format="weave" example="weave/autogenerated/ff1b40d0-1d57-4960-96f9-ce898586cc99/Output-Payload.wev" autogeneratedOrigin="cd5df791-b5d0-4eb6-9ece-4a5d4b1ec288"><![CDATA[%dw 2.0

type auto_ff1b40d0_1d57_4960_96f9_ce898586cc99_Output_Payload = Any

]]></types:shape>
    </types:type>
    <types:type name="auto_ff1b40d0-1d57-4960-96f9-ce898586cc99_Output-Attributes" format="java">
      <types:shape format="weave" example="weave/autogenerated/ff1b40d0-1d57-4960-96f9-ce898586cc99/Output-Attributes.wev" autogeneratedOrigin="cd5df791-b5d0-4eb6-9ece-4a5d4b1ec288"><![CDATA[%dw 2.0

type auto_ff1b40d0_1d57_4960_96f9_ce898586cc99_Output_Attributes = {|
  statusCode: Number, 
  reasonPhrase: String, 
  headers: { _?: String }
|} {"typeAlias": "HttpResponseAttributes",
"typeId": "org.mule.extension.http.api.HttpResponseAttributes"}

]]></types:shape>
    </types:type>
    <types:type name="auto_ff1b40d0-1d57-4960-96f9-ce898586cc99_Output-Variables-outboundHeaders" format="java">
      <types:shape format="weave" example="weave/autogenerated/ff1b40d0-1d57-4960-96f9-ce898586cc99/Output-Variables-outboundHeaders.wev" autogeneratedOrigin="cd5df791-b5d0-4eb6-9ece-4a5d4b1ec288"><![CDATA[%dw 2.0

type auto_ff1b40d0_1d57_4960_96f9_ce898586cc99_Output_Variables_outboundHeaders = {|  |}

]]></types:shape>
    </types:type>
    <types:type name="auto_ff1b40d0-1d57-4960-96f9-ce898586cc99_Output-Variables-manager_id" format="json">
      <types:shape format="weave" example="weave/autogenerated/ff1b40d0-1d57-4960-96f9-ce898586cc99/id.wev" autogeneratedOrigin="cd5df791-b5d0-4eb6-9ece-4a5d4b1ec288"><![CDATA[%dw 2.0

type auto_ff1b40d0_1d57_4960_96f9_ce898586cc99_Output_Variables_manager_id = Any

]]></types:shape>
    </types:type>
    <types:type name="auto_ff1b40d0-1d57-4960-96f9-ce898586cc99_Output-Variables-payload" format="java">
      <types:shape format="weave" example="weave/autogenerated/ff1b40d0-1d57-4960-96f9-ce898586cc99/Output-Variables-payload.wev" autogeneratedOrigin="cd5df791-b5d0-4eb6-9ece-4a5d4b1ec288"><![CDATA[%dw 2.0

type auto_ff1b40d0_1d57_4960_96f9_ce898586cc99_Output_Variables_payload = Any

]]></types:shape>
    </types:type>
    <types:type name="auto_ff1b40d0-1d57-4960-96f9-ce898586cc99_Output-Variables-httpStatus" format="java">
      <types:shape format="raml" autogeneratedOrigin="cd5df791-b5d0-4eb6-9ece-4a5d4b1ec288"><![CDATA[#%RAML 1.0 DataType
type: string]]></types:shape>
    </types:type>
    <types:type name="auto_ff1b40d0-1d57-4960-96f9-ce898586cc99_Output-Variables-email" format="java">
      <types:shape format="weave" example="weave/autogenerated/ff1b40d0-1d57-4960-96f9-ce898586cc99/Output-Variables-email.wev" autogeneratedOrigin="cd5df791-b5d0-4eb6-9ece-4a5d4b1ec288"><![CDATA[%dw 2.0

type auto_ff1b40d0_1d57_4960_96f9_ce898586cc99_Output_Variables_email = Any

]]></types:shape>
    </types:type>
    <types:type name="auto_b44cd00f-12f9-441b-8a60-be71bd2f56cc_Output-Payload" format="java">
      <types:shape format="weave" example="weave/autogenerated/b44cd00f-12f9-441b-8a60-be71bd2f56cc/Output-Payload.wev" autogeneratedOrigin="54e91a16-e6bc-452a-8393-266bf9b46f7c"><![CDATA[%dw 2.0

type auto_b44cd00f_12f9_441b_8a60_be71bd2f56cc_Output_Payload = Any

]]></types:shape>
    </types:type>
    <types:type name="auto_b44cd00f-12f9-441b-8a60-be71bd2f56cc_Output-Attributes" format="java">
      <types:shape format="weave" example="weave/autogenerated/b44cd00f-12f9-441b-8a60-be71bd2f56cc/Output-Attributes.wev" autogeneratedOrigin="54e91a16-e6bc-452a-8393-266bf9b46f7c"><![CDATA[%dw 2.0

type auto_b44cd00f_12f9_441b_8a60_be71bd2f56cc_Output_Attributes = {|
  statusCode: Number, 
  reasonPhrase: String, 
  headers: { _?: String }
|} {"typeAlias": "HttpResponseAttributes",
"typeId": "org.mule.extension.http.api.HttpResponseAttributes"}

]]></types:shape>
    </types:type>
    <types:type name="auto_b44cd00f-12f9-441b-8a60-be71bd2f56cc_Output-Variables-updated_at" format="java">
      <types:shape format="weave" example="weave/autogenerated/b44cd00f-12f9-441b-8a60-be71bd2f56cc/at.wev" autogeneratedOrigin="54e91a16-e6bc-452a-8393-266bf9b46f7c"><![CDATA[%dw 2.0

type auto_b44cd00f_12f9_441b_8a60_be71bd2f56cc_Output_Variables_updated_at = {|  |} {"typeAlias": "Serializable",
"typeId": "java.io.Serializable"}

]]></types:shape>
    </types:type>
  </types:catalog>
  <types:enrichment select="#9784c9cd-9197-46a1-b795-d1660fc78563">
    <types:processor-declaration>
      <types:input-event>
        <types:message>
          <types:payload type="auto_9784c9cd-9197-46a1-b795-d1660fc78563_Input-Payload"/>
          <types:attributes type="auto_9784c9cd-9197-46a1-b795-d1660fc78563_Input-Attributes"/>
        </types:message>
        <types:variables>
          <types:variable name="outboundHeaders" type="auto_9784c9cd-9197-46a1-b795-d1660fc78563_Input-Variables-outboundHeaders"/>
          <types:variable name="httpStatus" type="auto_9784c9cd-9197-46a1-b795-d1660fc78563_Input-Variables-httpStatus"/>
        </types:variables>
      </types:input-event>
      <types:output-event>
        <types:message>
          <types:payload type="auto_9784c9cd-9197-46a1-b795-d1660fc78563_Output-Payload"/>
          <types:attributes type="auto_9784c9cd-9197-46a1-b795-d1660fc78563_Output-Attributes"/>
        </types:message>
        <types:variables>
          <types:variable name="outboundHeaders" type="auto_9784c9cd-9197-46a1-b795-d1660fc78563_Output-Variables-outboundHeaders"/>
          <types:variable name="flows" type="auto_9784c9cd-9197-46a1-b795-d1660fc78563_Output-Variables-flows"/>
          <types:variable name="httpStatus" type="auto_9784c9cd-9197-46a1-b795-d1660fc78563_Output-Variables-httpStatus"/>
        </types:variables>
      </types:output-event>
    </types:processor-declaration>
  </types:enrichment>
  <types:enrichment select="#a5c89069-4409-4b30-9122-6b4f4a8eff05">
    <types:processor-declaration>
      <types:input-event>
        <types:variables>
          <types:variable name="httpStatus" type="auto_a5c89069-4409-4b30-9122-6b4f4a8eff05_Input-Variables-httpStatus"/>
        </types:variables>
      </types:input-event>
      <types:output-event>
        <types:variables>
          <types:variable name="httpStatus" type="auto_a5c89069-4409-4b30-9122-6b4f4a8eff05_Output-Variables-httpStatus"/>
        </types:variables>
      </types:output-event>
    </types:processor-declaration>
  </types:enrichment>
  <types:enrichment select="#f4737545-c8db-4bc0-bc8e-238b55db10cf">
    <types:processor-declaration>
      <types:input-event>
        <types:variables>
          <types:variable name="httpStatus" type="auto_f4737545-c8db-4bc0-bc8e-238b55db10cf_Input-Variables-httpStatus"/>
        </types:variables>
      </types:input-event>
      <types:output-event>
        <types:variables>
          <types:variable name="httpStatus" type="auto_f4737545-c8db-4bc0-bc8e-238b55db10cf_Output-Variables-httpStatus"/>
        </types:variables>
      </types:output-event>
    </types:processor-declaration>
  </types:enrichment>
  <types:enrichment select="#ff1b40d0-1d57-4960-96f9-ce898586cc99">
    <types:processor-declaration>
      <types:input-event>
        <types:message>
          <types:payload type="auto_ff1b40d0-1d57-4960-96f9-ce898586cc99_Input-Payload"/>
          <types:attributes type="auto_ff1b40d0-1d57-4960-96f9-ce898586cc99_Input-Attributes"/>
        </types:message>
        <types:variables>
          <types:variable name="outboundHeaders" type="auto_ff1b40d0-1d57-4960-96f9-ce898586cc99_Input-Variables-outboundHeaders"/>
          <types:variable name="httpStatus" type="auto_ff1b40d0-1d57-4960-96f9-ce898586cc99_Input-Variables-httpStatus"/>
        </types:variables>
      </types:input-event>
      <types:output-event>
        <types:message>
          <types:payload type="auto_ff1b40d0-1d57-4960-96f9-ce898586cc99_Output-Payload"/>
          <types:attributes type="auto_ff1b40d0-1d57-4960-96f9-ce898586cc99_Output-Attributes"/>
        </types:message>
        <types:variables>
          <types:variable name="outboundHeaders" type="auto_ff1b40d0-1d57-4960-96f9-ce898586cc99_Output-Variables-outboundHeaders"/>
          <types:variable name="manager_id" type="auto_ff1b40d0-1d57-4960-96f9-ce898586cc99_Output-Variables-manager_id"/>
          <types:variable name="payload" type="auto_ff1b40d0-1d57-4960-96f9-ce898586cc99_Output-Variables-payload"/>
          <types:variable name="httpStatus" type="auto_ff1b40d0-1d57-4960-96f9-ce898586cc99_Output-Variables-httpStatus"/>
          <types:variable name="email" type="auto_ff1b40d0-1d57-4960-96f9-ce898586cc99_Output-Variables-email"/>
        </types:variables>
      </types:output-event>
    </types:processor-declaration>
  </types:enrichment>
  <types:enrichment select="#b44cd00f-12f9-441b-8a60-be71bd2f56cc">
    <types:processor-declaration>
      <types:output-event>
        <types:message>
          <types:payload type="auto_b44cd00f-12f9-441b-8a60-be71bd2f56cc_Output-Payload"/>
          <types:attributes type="auto_b44cd00f-12f9-441b-8a60-be71bd2f56cc_Output-Attributes"/>
        </types:message>
        <types:variables>
          <types:variable name="updated_at" type="auto_b44cd00f-12f9-441b-8a60-be71bd2f56cc_Output-Variables-updated_at"/>
        </types:variables>
      </types:output-event>
    </types:processor-declaration>
  </types:enrichment>
</types:mule>